expediente_papel,expediente_gde,caratula,sala,vocalia,fuente,archivo
30623,,ASEGURADORA DE CRÉDITOS Y GARANTÍAS S.A.,G,21,TFN,19868-A_MASSUH_S.A.-01.txt
30623,,ASEGURADORA DE CRÉDITOS Y GARANTÍAS S.A.,G,21,TFN,21092-A_PEUGEOT_ARGENTINA_S.A.-01.txt
30623,,ASEGURADORA DE CRÉDITOS Y GARANTÍAS S.A.,G,21,TFN,21092-A_PEUGEOT_ARGENTINA_S.A.-02.txt
30623,,ASEGURADORA DE CRÉDITOS Y GARANTÍAS S.A.,G,21,TFN,21244-I_FORD_ARGENTINA_SA-01.txt
30623,,ASEGURADORA DE CRÉDITOS Y GARANTÍAS S.A.,G,21,TFN,21244-I_FORD_ARGENTINA_SA-02.txt
30623,,ASEGURADORA DE CRÉDITOS Y GARANTÍAS S.A.,G,21,TFN,21515-A_FIAT_AUTO_ARGENTINA_S.A-01.txt
30623,,ASEGURADORA DE CRÉDITOS Y GARANTÍAS S.A.,G,21,TFN,21537-A_ANSAL_REFRIGERACION_SOCIEDAD_ANONIMA-01.txt
30623,,ASEGURADORA DE CRÉDITOS Y GARANTÍAS S.A.,G,21,TFN,21674-A_FERNANDEZ_SEBASTIÁN_(Y_OTRO)-01.txt
30623,,ASEGURADORA DE CRÉDITOS Y GARANTÍAS S.A.,G,21,TFN,22009-A_ASEGURADORA_DE_CRÉDITOS_Y_GARANTÍAS_S.A.-01.txt
30623,,ASEGURADORA DE CRÉDITOS Y GARANTÍAS S.A.,G,21,TFN,"23920-A_TELLECHEA,_CARLOS_DEMETRIO-01.txt"
30623,,ASEGURADORA DE CRÉDITOS Y GARANTÍAS S.A.,G,21,TFN,24166-I_WOOLYN_S.A.-01.txt
30623,,ASEGURADORA DE CRÉDITOS Y GARANTÍAS S.A.,G,21,TFN,24966-I_TRANSPORTADORA_DE_GAS_DEL_NORTE_S.A.-02.txt
30623,,ASEGURADORA DE CRÉDITOS Y GARANTÍAS S.A.,G,21,TFN,24966-I_TRANSPORTADORA_DE_GAS_DEL_NORTE_S._A.-01.txt
30623,,ASEGURADORA DE CRÉDITOS Y GARANTÍAS S.A.,G,21,TFN,25377-A_TORA_TRANSPORTES_INDUSTRAIS_LIMITADA-01.txt
30623,,ASEGURADORA DE CRÉDITOS Y GARANTÍAS S.A.,G,21,TFN,25396-A_AGCO_ARGENTINA_S.A.-01.txt
30623,,ASEGURADORA DE CRÉDITOS Y GARANTÍAS S.A.,G,21,TFN,25602-A_MAKING_DREAMS_S.A.-01.txt
30623,,ASEGURADORA DE CRÉDITOS Y GARANTÍAS S.A.,G,21,TFN,25602-A_MAKING_DREAMS_S.A.-02.txt
30623,,ASEGURADORA DE CRÉDITOS Y GARANTÍAS S.A.,G,21,TFN,25950-A_ALBA_COMPAÑIA_ARGENTINA_DE_SEGUROS_S.A.-01.txt
30623,,ASEGURADORA DE CRÉDITOS Y GARANTÍAS S.A.,G,21,TFN,26201-A_EXPRESO_CARGO_SA-01.txt
30623,,ASEGURADORA DE CRÉDITOS Y GARANTÍAS S.A.,G,21,TFN,26201-A_EXPRESO_CARGO_SA-02.txt
30623,,ASEGURADORA DE CRÉDITOS Y GARANTÍAS S.A.,G,21,TFN,26354-I_INVERSIONES_Y_MANDATOS_INMOBILIARIOS_S.A.-01.txt
30623,,ASEGURADORA DE CRÉDITOS Y GARANTÍAS S.A.,G,21,TFN,27949-A_DE_LOS_RIOS_SRL-01.txt
30623,,ASEGURADORA DE CRÉDITOS Y GARANTÍAS S.A.,G,21,TFN,27959-A_ARIMEX_IMPORTADORA_S.A.-01.txt
30623,,ASEGURADORA DE CRÉDITOS Y GARANTÍAS S.A.,G,21,TFN,27972-A_AGENCIA_MARITIMA_BRISTOL_SRL-01.txt
30623,,ASEGURADORA DE CRÉDITOS Y GARANTÍAS S.A.,G,21,TFN,28402-A_IVECO_ARGENTINA_SA-01.txt
30623,,ASEGURADORA DE CRÉDITOS Y GARANTÍAS S.A.,G,21,TFN,29206-A_TRANS_S.A.C.I.F.-01.txt
30623,,ASEGURADORA DE CRÉDITOS Y GARANTÍAS S.A.,G,21,TFN,29219-I_PASADORE_JOSÉ_LUIS-01.txt
30623,,ASEGURADORA DE CRÉDITOS Y GARANTÍAS S.A.,G,21,TFN,29253-A_RAFAEL_G._ALBANESI_SA-01.txt
30623,,ASEGURADORA DE CRÉDITOS Y GARANTÍAS S.A.,G,21,TFN,29486-A_PILAR_PARTES_S.A.-01.txt
30623,,ASEGURADORA DE CRÉDITOS Y GARANTÍAS S.A.,G,21,TFN,29641-A_LDC_ARGENTINA_SA-01.txt
30623,,ASEGURADORA DE CRÉDITOS Y GARANTÍAS S.A.,G,21,TFN,29693-A_COTO_C.I.C.S.A.-02.txt
30623,,ASEGURADORA DE CRÉDITOS Y GARANTÍAS S.A.,G,21,TFN,29693-A_COTO_CICSA-01.txt
30623,,ASEGURADORA DE CRÉDITOS Y GARANTÍAS S.A.,G,21,TFN,29765-I_AUSTRAL_S.A.-01.txt
30623,,ASEGURADORA DE CRÉDITOS Y GARANTÍAS S.A.,G,21,TFN,29789-A_POL_AMBROSIO_Y_CÍA_S.A.-01.txt
30623,,ASEGURADORA DE CRÉDITOS Y GARANTÍAS S.A.,G,21,TFN,29789-A_POL_AMBROSIO_Y_CÍA_S.A.-02.txt
30623,,ASEGURADORA DE CRÉDITOS Y GARANTÍAS S.A.,G,21,TFN,29952-A_DEKAPRINT_S.A.-01.txt
30623,,ASEGURADORA DE CRÉDITOS Y GARANTÍAS S.A.,G,21,TFN,29990-A_LDC_ARGENTINA_S.A.-01.txt
30623,,ASEGURADORA DE CRÉDITOS Y GARANTÍAS S.A.,G,21,TFN,29992-A_S.K.F_ARGENTINA_S.A-01.txt
30623,,ASEGURADORA DE CRÉDITOS Y GARANTÍAS S.A.,G,21,TFN,29992-A_S.K.F_ARGENTINA_S.A-02.txt
30623,,ASEGURADORA DE CRÉDITOS Y GARANTÍAS S.A.,G,21,TFN,30080-A_ODFJELL_ARGENTINA_S.A.-01.txt
30623,,ASEGURADORA DE CRÉDITOS Y GARANTÍAS S.A.,G,21,TFN,30177-A_ABB_S.A-01.txt
30623,,ASEGURADORA DE CRÉDITOS Y GARANTÍAS S.A.,G,21,TFN,30182-A_SANTISTA_TEXTIL_ARGENTINA_S.A.-01.txt
30623,,ASEGURADORA DE CRÉDITOS Y GARANTÍAS S.A.,G,21,TFN,30182-A_SANTISTA_TEXTIL_ARGENTINA_S.A.-02.txt
30623,,ASEGURADORA DE CRÉDITOS Y GARANTÍAS S.A.,G,21,TFN,30207-A_OLEAGINOSA_MORENO_HERMANOS_S.A.C.I.F.I.A.-01.txt
30623,,ASEGURADORA DE CRÉDITOS Y GARANTÍAS S.A.,G,21,TFN,30293-A_BLUEBERRIES_S.A-01.txt
30623,,ASEGURADORA DE CRÉDITOS Y GARANTÍAS S.A.,G,21,TFN,30293-A_BLUEBERRIES_S.A-02.txt
30623,,ASEGURADORA DE CRÉDITOS Y GARANTÍAS S.A.,G,21,TFN,30416-A_SANCOR_C.U.L.-01.txt
30623,,ASEGURADORA DE CRÉDITOS Y GARANTÍAS S.A.,G,21,TFN,30435-A_YPF_SA-01.txt
30623,,ASEGURADORA DE CRÉDITOS Y GARANTÍAS S.A.,G,21,TFN,30477-A_COSENA_SEGUROS_SA-01.txt
30623,,ASEGURADORA DE CRÉDITOS Y GARANTÍAS S.A.,G,21,TFN,30507-A_HUTCHINSON_ARGENTINA_S.A.-02.txt
30623,,ASEGURADORA DE CRÉDITOS Y GARANTÍAS S.A.,G,21,TFN,30507-A_HUTCHINSON_ARGENTINA_SA-01.txt
30623,,ASEGURADORA DE CRÉDITOS Y GARANTÍAS S.A.,G,21,TFN,30524-A_ESTIRENOS_S.A.-01.txt
30623,,ASEGURADORA DE CRÉDITOS Y GARANTÍAS S.A.,G,21,TFN,30527-A_ALCATEL_LUCENT_DE_ARGENTINA_S.A.-01.txt
30623,,ASEGURADORA DE CRÉDITOS Y GARANTÍAS S.A.,G,21,TFN,30623-A_ASEGURADORA_DE_CRÉDITOS_Y_GARANTÍAS_S.A.-01.txt
30623,,ASEGURADORA DE CRÉDITOS Y GARANTÍAS S.A.,G,21,TFN,30623-A_ASEGURADORA_DE_CRÉDITOS_Y_GARANTÍAS_S.A.-02.txt
30623,,ASEGURADORA DE CRÉDITOS Y GARANTÍAS S.A.,G,21,TFN,30720-A_ABBOTT_LABORATORIES_ARGENTINA_S.A.-01.txt
30623,,ASEGURADORA DE CRÉDITOS Y GARANTÍAS S.A.,G,21,TFN,30720-A_ABBOTT_LABORATORIES_ARGENTINA_S.A.-02.txt
30623,,ASEGURADORA DE CRÉDITOS Y GARANTÍAS S.A.,G,21,TFN,30741-A_BALTZER_MARITIMA_S.R.L.-01.txt
30623,,ASEGURADORA DE CRÉDITOS Y GARANTÍAS S.A.,G,21,TFN,30741-A_BALTZER_MARITIMA_S.R.L.-03.txt
30623,,ASEGURADORA DE CRÉDITOS Y GARANTÍAS S.A.,G,21,TFN,30741-A_BALTZER_MARITIMA_SRL-02.txt
30623,,ASEGURADORA DE CRÉDITOS Y GARANTÍAS S.A.,G,21,TFN,30807-A_OLEAGINOSA_MORENO_HERMANOS_S.A.C.I.F.I.A.-01.txt
30623,,ASEGURADORA DE CRÉDITOS Y GARANTÍAS S.A.,G,21,TFN,30832-A_CARRARO_ARGENTINA_S.A.-01.txt
30623,,ASEGURADORA DE CRÉDITOS Y GARANTÍAS S.A.,G,21,TFN,30940-A_BONMAR_S.R.L.-01.txt
30623,,ASEGURADORA DE CRÉDITOS Y GARANTÍAS S.A.,G,21,TFN,30962-A_INDUSTRIAS_JOHN_DEERE_ARGENTINA_S.A.-01.txt
30623,,ASEGURADORA DE CRÉDITOS Y GARANTÍAS S.A.,G,21,TFN,30973-A_MOLINO_CAÑUELAS_S.A.C.I.F.I.A.-01.txt
30623,,ASEGURADORA DE CRÉDITOS Y GARANTÍAS S.A.,G,21,TFN,30973-A_MOLINO_CAÑUELAS_S.A.C.I.F.I.A.-02.txt
30623,,ASEGURADORA DE CRÉDITOS Y GARANTÍAS S.A.,G,21,TFN,31031-A_MOLINOS_RIO_DE_LA_PLATA_S.A.-01.txt
30623,,ASEGURADORA DE CRÉDITOS Y GARANTÍAS S.A.,G,21,TFN,31034-A_MOLINOS_RIO_DE_LA_PLATA_S.A.-01.txt
30623,,ASEGURADORA DE CRÉDITOS Y GARANTÍAS S.A.,G,21,TFN,31034-A_MOLINOS_RIO_DE_LA_PLATA_S.A.-02.txt
30623,,ASEGURADORA DE CRÉDITOS Y GARANTÍAS S.A.,G,21,TFN,31034-A_MOLINOS_RIO_DE_LA_PLATA_S.A.-03.txt
30623,,ASEGURADORA DE CRÉDITOS Y GARANTÍAS S.A.,G,21,TFN,31034-A_MOLINOS_RIO_DE_LA_PLATA_S.A.-04.txt
30623,,ASEGURADORA DE CRÉDITOS Y GARANTÍAS S.A.,G,21,TFN,31072-A_MOLINO_CAÑUELAS_S.A.C.I.F.I.A.-01.txt
30623,,ASEGURADORA DE CRÉDITOS Y GARANTÍAS S.A.,G,21,TFN,31072-A_MOLINO_CAÑUELAS_S.A.C.I.F.I.A.-02.txt
30623,,ASEGURADORA DE CRÉDITOS Y GARANTÍAS S.A.,G,21,TFN,31079-A_SOYAPAMPA_SA-01.txt
30623,,ASEGURADORA DE CRÉDITOS Y GARANTÍAS S.A.,G,21,TFN,31112-A_LOS_GROBO_AGROPECUARIA_S.A.-01.txt
30623,,ASEGURADORA DE CRÉDITOS Y GARANTÍAS S.A.,G,21,TFN,31135-A_CARGILL_S.A.C.I.-01.txt
30623,,ASEGURADORA DE CRÉDITOS Y GARANTÍAS S.A.,G,21,TFN,31137-A_CARGILL_SACI-01.txt
30623,,ASEGURADORA DE CRÉDITOS Y GARANTÍAS S.A.,G,21,TFN,31188-A_INGENIO_Y_REFINERÍA_SAN_MARTIN_DEL_TABACAL_S.R.L.-01.txt
30623,,ASEGURADORA DE CRÉDITOS Y GARANTÍAS S.A.,G,21,TFN,31259-A_ASOCIACION_BIOQUIMICA_DE_SALTA-01.txt
30623,,ASEGURADORA DE CRÉDITOS Y GARANTÍAS S.A.,G,21,TFN,31310-A_ALUAR_ALUMINIO_ARGENTINO_S.A.I.C.-01.txt
30623,,ASEGURADORA DE CRÉDITOS Y GARANTÍAS S.A.,G,21,TFN,31310-A_ALUAR_ALUMINIO_ARGENTINO_S.A.I.C.-02.txt
30623,,ASEGURADORA DE CRÉDITOS Y GARANTÍAS S.A.,G,21,TFN,31332-A_LOIZZO_FRANCISCO_ENRIQUE-01.txt
30623,,ASEGURADORA DE CRÉDITOS Y GARANTÍAS S.A.,G,21,TFN,31338-A_AFIANZADORA_LATINOAMERICANA_COMPAÑIA_DE_SEGUROS_SA-01.txt
30623,,ASEGURADORA DE CRÉDITOS Y GARANTÍAS S.A.,G,21,TFN,31482-A_INDUSTRIAS_JOHN_DEERE_ARGENTINA_SA-01.txt
30623,,ASEGURADORA DE CRÉDITOS Y GARANTÍAS S.A.,G,21,TFN,31482-A_INDUSTRIAS_JOHN_DEERE_ARGENTINA_SA-02.txt
30623,,ASEGURADORA DE CRÉDITOS Y GARANTÍAS S.A.,G,21,TFN,31483-A_LDC_ARGENTINA_S.A.-01.txt
30623,,ASEGURADORA DE CRÉDITOS Y GARANTÍAS S.A.,G,21,TFN,31483-A_LDC_ARGENTINA_S.A.-02.txt
30623,,ASEGURADORA DE CRÉDITOS Y GARANTÍAS S.A.,G,21,TFN,31483-A_LDC_ARGENTINA_SRL-02.txt
30623,,ASEGURADORA DE CRÉDITOS Y GARANTÍAS S.A.,G,21,TFN,31534-A_GRUPO_TRANSPATAGONIA_S.R.L-01.txt
30623,,ASEGURADORA DE CRÉDITOS Y GARANTÍAS S.A.,G,21,TFN,31544-A_CHUBB_ARGENTINA_DE_SEGUROS_S.A.-01.txt
30623,,ASEGURADORA DE CRÉDITOS Y GARANTÍAS S.A.,G,21,TFN,31544-A_CHUBB_ARGENTINA_DE_SEGUROS_S.A.-02.txt
30623,,ASEGURADORA DE CRÉDITOS Y GARANTÍAS S.A.,G,21,TFN,31654-A_LA_MERIDIONAL_CIA._ARGENTINA_DE_SEGUROS_S.A.-01.txt
30623,,ASEGURADORA DE CRÉDITOS Y GARANTÍAS S.A.,G,21,TFN,31654-A_LA_MERIDIONAL_COMPAÑIA_ARGENTINA_DE_SEGUROS_S.A.-02.txt
30623,,ASEGURADORA DE CRÉDITOS Y GARANTÍAS S.A.,G,21,TFN,31654-A_LA_MERIDIONAL_COMPAÑIA_ARGENTINA_DE_SEGUROS_S.A.-03.txt
30623,,ASEGURADORA DE CRÉDITOS Y GARANTÍAS S.A.,G,21,TFN,31658-A_CUMI_SA-01.txt
30623,,ASEGURADORA DE CRÉDITOS Y GARANTÍAS S.A.,G,21,TFN,31674-A_ALBA_CIA._ARGENTINA_DE_SEGUROS_S.A.-01.txt
30623,,ASEGURADORA DE CRÉDITOS Y GARANTÍAS S.A.,G,21,TFN,31674-A_ALBA_CIA._ARGENTINA_DE_SEGUROS_S.A.-02.txt
30623,,ASEGURADORA DE CRÉDITOS Y GARANTÍAS S.A.,G,21,TFN,31691-A_CHUBB_ARGENTINA_DE_SEGUROS_S.A.-01.txt
30623,,ASEGURADORA DE CRÉDITOS Y GARANTÍAS S.A.,G,21,TFN,31691-A_CHUBB_ARGENTINA_DE_SEGUROS_S.A.-02.txt
30623,,ASEGURADORA DE CRÉDITOS Y GARANTÍAS S.A.,G,21,TFN,31691-I_CHUBB_ARGENTINA_DE_SEGUROS_S.A.-01.txt
30623,,ASEGURADORA DE CRÉDITOS Y GARANTÍAS S.A.,G,21,TFN,31857-I_COOPERATIVA_AGRÍCOLA_GANADERA_DE_PEYRANO_LTDA.-01.txt
30623,,ASEGURADORA DE CRÉDITOS Y GARANTÍAS S.A.,G,21,TFN,31992-A_VIREYES_AGROPECUARIA_S.A.-01.txt
30623,,ASEGURADORA DE CRÉDITOS Y GARANTÍAS S.A.,G,21,TFN,32019-A_TRANE_DE_ARGENTINA_S.A.-01.txt
30623,,ASEGURADORA DE CRÉDITOS Y GARANTÍAS S.A.,G,21,TFN,32019-A_TRANE_DE_ARGENTINA_S.A.-02.txt
30623,,ASEGURADORA DE CRÉDITOS Y GARANTÍAS S.A.,G,21,TFN,32264-I_FEDERALIA_S.A._DE_FINANZAS-01.txt
30623,,ASEGURADORA DE CRÉDITOS Y GARANTÍAS S.A.,G,21,TFN,32306-A_KRONEN_INTERNACIONAL_S.A.-01.txt
30623,,ASEGURADORA DE CRÉDITOS Y GARANTÍAS S.A.,G,21,TFN,32334-A_KRONEN_INTERNACIONAL_S.A.-01.txt
30623,,ASEGURADORA DE CRÉDITOS Y GARANTÍAS S.A.,G,21,TFN,32334-A_KRONEN_INTERNACIONAL_S.A.-02.txt
30623,,ASEGURADORA DE CRÉDITOS Y GARANTÍAS S.A.,G,21,TFN,32368-A_ASOCIACIÓN_DE_COOPERATIVAS_ARGENTINAS_COOP._LTDA-01.txt
30623,,ASEGURADORA DE CRÉDITOS Y GARANTÍAS S.A.,G,21,TFN,32420-A_DU_PONT_ARGENTINA_S.A.-01.txt
30623,,ASEGURADORA DE CRÉDITOS Y GARANTÍAS S.A.,G,21,TFN,32420-A_DU_PONT_ARGENTINA_S.A.-02.txt
30623,,ASEGURADORA DE CRÉDITOS Y GARANTÍAS S.A.,G,21,TFN,32523-A_P.C.P._OIL_TOOLS_S.A.-01.txt
30623,,ASEGURADORA DE CRÉDITOS Y GARANTÍAS S.A.,G,21,TFN,32523-A_P.C.P._OIL_TOOLS_S.A.-02.txt
30623,,ASEGURADORA DE CRÉDITOS Y GARANTÍAS S.A.,G,21,TFN,32534-A_ODFJELL_ARGENTINA_S.A.-01.txt
30623,,ASEGURADORA DE CRÉDITOS Y GARANTÍAS S.A.,G,21,TFN,32549-A_ZURICH_ARGENTINA_COMPAÑÍA_DE_SEGUROS_S.A.-01.txt
30623,,ASEGURADORA DE CRÉDITOS Y GARANTÍAS S.A.,G,21,TFN,32611-A_ASEGURADORA_DE_CRÉDITOS_Y_GARANTÍAS_SA.-02.txt
30623,,ASEGURADORA DE CRÉDITOS Y GARANTÍAS S.A.,G,21,TFN,32611-A_ASEGURADORA_DE_CRÉDITOS_Y_GARANTÍAS_SA.-01.txt
30623,,ASEGURADORA DE CRÉDITOS Y GARANTÍAS S.A.,G,21,TFN,32613-A_TRANSPORTES_CUEVAS_DE_NERJA_S.R.L.-01.txt
30623,,ASEGURADORA DE CRÉDITOS Y GARANTÍAS S.A.,G,21,TFN,32613-A_TRANSPORTES_CUEVAS_DE_NERJA_S.R.L.-02.txt
30623,,ASEGURADORA DE CRÉDITOS Y GARANTÍAS S.A.,G,21,TFN,32614-A_DONTO_S.A.-01.txt
30623,,ASEGURADORA DE CRÉDITOS Y GARANTÍAS S.A.,G,21,TFN,32657-A_LA_PERSEVERANCIA_SEGUROS_S.A.-01.txt
30623,,ASEGURADORA DE CRÉDITOS Y GARANTÍAS S.A.,G,21,TFN,32657-A_LA_PERSEVERANCIA_SEGUROS_S.A.-02.txt
30623,,ASEGURADORA DE CRÉDITOS Y GARANTÍAS S.A.,G,21,TFN,32692-A_PILAR_PARTES_S.A.-01.txt
30623,,ASEGURADORA DE CRÉDITOS Y GARANTÍAS S.A.,G,21,TFN,32730-A_PILAR_PARTES_S.A.-01.txt
30623,,ASEGURADORA DE CRÉDITOS Y GARANTÍAS S.A.,G,21,TFN,32745-A 9-04-2024_copia.txt
30623,,ASEGURADORA DE CRÉDITOS Y GARANTÍAS S.A.,G,21,TFN,32752-A_CARGILL_S.A.C.I.-01.txt
30623,,ASEGURADORA DE CRÉDITOS Y GARANTÍAS S.A.,G,21,TFN,32779-A_SIDERAR_S.A.I.C.-01.txt
30623,,ASEGURADORA DE CRÉDITOS Y GARANTÍAS S.A.,G,21,TFN,32779-A_SIDERAR_S.A.I.C.-02.txt
30623,,ASEGURADORA DE CRÉDITOS Y GARANTÍAS S.A.,G,21,TFN,32788-A_JOHNSON_&_JOHNSON_MEDICAL_S.A.-01.txt
30623,,ASEGURADORA DE CRÉDITOS Y GARANTÍAS S.A.,G,21,TFN,32788-A_JOHNSON_&_JOHNSON_MEDICAL_S.A.-02.txt
30623,,ASEGURADORA DE CRÉDITOS Y GARANTÍAS S.A.,G,21,TFN,32797-A_MAYULI_MARCELO_GABRIEL-01.txt
30623,,ASEGURADORA DE CRÉDITOS Y GARANTÍAS S.A.,G,21,TFN,32800-A_MWM_INTERNATIONAL_MOTORES_S.A.-01.txt
30623,,ASEGURADORA DE CRÉDITOS Y GARANTÍAS S.A.,G,21,TFN,32879-I_LO_BRUNO_ESTRUCTURA_S.A-01.txt
30623,,ASEGURADORA DE CRÉDITOS Y GARANTÍAS S.A.,G,21,TFN,32933-I_EYSE_EQUIPOS_Y_SISTEMAS_ELECTRÓNICOS_S.A-01.txt
30623,,ASEGURADORA DE CRÉDITOS Y GARANTÍAS S.A.,G,21,TFN,32933-I_EYSE_EQUIPOS_Y_SISTEMAS_ELECTRÓNICOS_S.A-02.txt
30623,,ASEGURADORA DE CRÉDITOS Y GARANTÍAS S.A.,G,21,TFN,33012-A_TRINITY_ARGENTINA_SRL-01.txt
30623,,ASEGURADORA DE CRÉDITOS Y GARANTÍAS S.A.,G,21,TFN,33036-A_KIMBERLY_CLARK_ARGENTINA_S.A.-01.txt
30623,,ASEGURADORA DE CRÉDITOS Y GARANTÍAS S.A.,G,21,TFN,33036-A_KIMBERLY_CLARK_ARGENTINA_S.A.-02.txt
30623,,ASEGURADORA DE CRÉDITOS Y GARANTÍAS S.A.,G,21,TFN,33084-A_NIDERA_S.A.-01.txt
30623,,ASEGURADORA DE CRÉDITOS Y GARANTÍAS S.A.,G,21,TFN,33084-A_NIDERA_S.A.-02.txt
30623,,ASEGURADORA DE CRÉDITOS Y GARANTÍAS S.A.,G,21,TFN,33097-I_BC_PRODUCCIONES_SA-01.txt
30623,,ASEGURADORA DE CRÉDITOS Y GARANTÍAS S.A.,G,21,TFN,33097-I_BC_PRODUCCIONES_SA-02.txt
30623,,ASEGURADORA DE CRÉDITOS Y GARANTÍAS S.A.,G,21,TFN,33097-I_BC_PRODUCCIONES_SA-03.txt
30623,,ASEGURADORA DE CRÉDITOS Y GARANTÍAS S.A.,G,21,TFN,33145-A_PELLITAL_SA-01.txt
30623,,ASEGURADORA DE CRÉDITOS Y GARANTÍAS S.A.,G,21,TFN,33156-A_ASOCIACIÓN_DE_COOPERATIVAS_ARGENTINAS_COOP._LTDA.-01.txt
30623,,ASEGURADORA DE CRÉDITOS Y GARANTÍAS S.A.,G,21,TFN,33156-I_ASOCIACIÓN_DE_COOPERATIVAS_ARGENTINAS_COOP._LTDA.-01.txt
30623,,ASEGURADORA DE CRÉDITOS Y GARANTÍAS S.A.,G,21,TFN,33156-I_ASOCIACIÓN_DE_COOPERATIVAS_ARGENTINAS_COOP._LTDA.-02.txt
30623,,ASEGURADORA DE CRÉDITOS Y GARANTÍAS S.A.,G,21,TFN,33157-A_YPF_S.A.-01.txt
30623,,ASEGURADORA DE CRÉDITOS Y GARANTÍAS S.A.,G,21,TFN,33157-A_YPF_S.A.-02.txt
30623,,ASEGURADORA DE CRÉDITOS Y GARANTÍAS S.A.,G,21,TFN,33219-A_P.B.B._POLISUR_S.A.-01.txt
30623,,ASEGURADORA DE CRÉDITOS Y GARANTÍAS S.A.,G,21,TFN,33314-A_NOVARTIS_ARGENTINA_S.A.-01.txt
30623,,ASEGURADORA DE CRÉDITOS Y GARANTÍAS S.A.,G,21,TFN,33364-A_INFAS_S.R.L.-01.txt
30623,,ASEGURADORA DE CRÉDITOS Y GARANTÍAS S.A.,G,21,TFN,33364-A_INFAS_S.R.L.-02.txt
30623,,ASEGURADORA DE CRÉDITOS Y GARANTÍAS S.A.,G,21,TFN,33451-A_COMPANHIA_DE_TECIDOS_NORTE_DE_MINAS_(COTEMINAS)-01.txt
30623,,ASEGURADORA DE CRÉDITOS Y GARANTÍAS S.A.,G,21,TFN,33451-A_COMPANHIA_DE_TECIDOS_NORTE_DE_MINAS_(COTEMINAS)-02.txt
30623,,ASEGURADORA DE CRÉDITOS Y GARANTÍAS S.A.,G,21,TFN,33455-A_KIMBERLY_CLARK_ARG._S.A.-01.txt
30623,,ASEGURADORA DE CRÉDITOS Y GARANTÍAS S.A.,G,21,TFN,33461-A_SPICER_EJES_PESADOS_S.A.-01.txt
30623,,ASEGURADORA DE CRÉDITOS Y GARANTÍAS S.A.,G,21,TFN,33479-A_CONARPESA_CONTINENTAL_ARMADORES_DE_PESCA_SA-03.txt
30623,,ASEGURADORA DE CRÉDITOS Y GARANTÍAS S.A.,G,21,TFN,33479-A_SCHEINES_GUSTAVO-01.txt
30623,,ASEGURADORA DE CRÉDITOS Y GARANTÍAS S.A.,G,21,TFN,"33479-I_SCHEINES,_GUSTAVO-02.txt"
30623,,ASEGURADORA DE CRÉDITOS Y GARANTÍAS S.A.,G,21,TFN,33479-I_SCHEINES_GUSTAVO-01_copia.txt
30623,,ASEGURADORA DE CRÉDITOS Y GARANTÍAS S.A.,G,21,TFN,33479-I_SCHEINES_GUSTAVO-02.txt
30623,,ASEGURADORA DE CRÉDITOS Y GARANTÍAS S.A.,G,21,TFN,33484-A_OLEAGINOSA_MORENO_HERMANOS_S.A.C.I.F.I.A.-01.txt
30623,,ASEGURADORA DE CRÉDITOS Y GARANTÍAS S.A.,G,21,TFN,33484-A_OLEAGINOSA_MORENO_HERMANOS_SACIFIA-02.txt
30623,,ASEGURADORA DE CRÉDITOS Y GARANTÍAS S.A.,G,21,TFN,33525-A_PELLITAL_S.A.-01.txt
30623,,ASEGURADORA DE CRÉDITOS Y GARANTÍAS S.A.,G,21,TFN,33525-A_PELLITAL_S.A.-02.txt
30623,,ASEGURADORA DE CRÉDITOS Y GARANTÍAS S.A.,G,21,TFN,33525-A_PELLITAL_S.A.-03.txt
30623,,ASEGURADORA DE CRÉDITOS Y GARANTÍAS S.A.,G,21,TFN,33525-A_PELLITAL_S.A.-04.txt
30623,,ASEGURADORA DE CRÉDITOS Y GARANTÍAS S.A.,G,21,TFN,33551-A_MOLINOS_RIO_DE_LA_PLATA_S.A.-01.txt
30623,,ASEGURADORA DE CRÉDITOS Y GARANTÍAS S.A.,G,21,TFN,33551-A_MOLINOS_RIO_DE_LA_PLATA_S.A.-02.txt
30623,,ASEGURADORA DE CRÉDITOS Y GARANTÍAS S.A.,G,21,TFN,33670-I_MAGALCUER_SA.-01.txt
30623,,ASEGURADORA DE CRÉDITOS Y GARANTÍAS S.A.,G,21,TFN,33690-A_ROUSSELOT_ARGENTINA_S.A.-01.txt
30623,,ASEGURADORA DE CRÉDITOS Y GARANTÍAS S.A.,G,21,TFN,33690-A_ROUSSELOT_ARGENTINA_S.A.-02.txt
30623,,ASEGURADORA DE CRÉDITOS Y GARANTÍAS S.A.,G,21,TFN,33690-I_ROUSSELOT_ARGENTINA_S.A.-01.txt
30623,,ASEGURADORA DE CRÉDITOS Y GARANTÍAS S.A.,G,21,TFN,33690-I_ROUSSELOT_ARGENTINA_S.A.-02.txt
30623,,ASEGURADORA DE CRÉDITOS Y GARANTÍAS S.A.,G,21,TFN,33743-A_BORRACHAS_VIPAL_S.A-01.txt
30623,,ASEGURADORA DE CRÉDITOS Y GARANTÍAS S.A.,G,21,TFN,33773-A_GIROS_TRANSPORTE_RODOVIARIO_LTDA._Y_OTRA-02.txt
30623,,ASEGURADORA DE CRÉDITOS Y GARANTÍAS S.A.,G,21,TFN,33773-A_GIROS_TRANSPORTE_RODOVIARIO_LTDA._Y_OTRO-01.txt
30623,,ASEGURADORA DE CRÉDITOS Y GARANTÍAS S.A.,G,21,TFN,33808-A_ASEGURADORA_DE_CRÉDITOS_Y_GARANTÍAS_S.A.-01.txt
30623,,ASEGURADORA DE CRÉDITOS Y GARANTÍAS S.A.,G,21,TFN,33946-A_BAVOSI_S.A.-01.txt
30623,,ASEGURADORA DE CRÉDITOS Y GARANTÍAS S.A.,G,21,TFN,33946-A_BAVOSI_S.A.-02.txt
30623,,ASEGURADORA DE CRÉDITOS Y GARANTÍAS S.A.,G,21,TFN,33950-A_COMPAÑÍA_DE_SEGUROS_LA_MERCANTIL_ANDINA_S.A.-01.txt
30623,,ASEGURADORA DE CRÉDITOS Y GARANTÍAS S.A.,G,21,TFN,33962-A_INTERNACIONAL_DE_PRODUCTOS_S.A.-01.txt
30623,,ASEGURADORA DE CRÉDITOS Y GARANTÍAS S.A.,G,21,TFN,33962-A_INTERNACIONAL_DE_PRODUCTOS_S.A.-02.txt
30623,,ASEGURADORA DE CRÉDITOS Y GARANTÍAS S.A.,G,21,TFN,33993-A_ABB_S.A-01.txt
30623,,ASEGURADORA DE CRÉDITOS Y GARANTÍAS S.A.,G,21,TFN,34008-A_LEDESMA_S.A.-02.txt
30623,,ASEGURADORA DE CRÉDITOS Y GARANTÍAS S.A.,G,21,TFN,34008-A_LEDESMA_S.A.A.I.-01.txt
30623,,ASEGURADORA DE CRÉDITOS Y GARANTÍAS S.A.,G,21,TFN,34009-A_LEDESMA_SAAI-01.txt
30623,,ASEGURADORA DE CRÉDITOS Y GARANTÍAS S.A.,G,21,TFN,34009-A_LEDESMA_SAAI-02.txt
30623,,ASEGURADORA DE CRÉDITOS Y GARANTÍAS S.A.,G,21,TFN,34010-A_AVILA_Y_CIA._S.R.L.-01.txt
30623,,ASEGURADORA DE CRÉDITOS Y GARANTÍAS S.A.,G,21,TFN,34115-A_SANCOR_C.U.L.-01.txt
30623,,ASEGURADORA DE CRÉDITOS Y GARANTÍAS S.A.,G,21,TFN,34146-A_VOLKSWAGEN_ARGENTINA_S.A.-01.txt
30623,,ASEGURADORA DE CRÉDITOS Y GARANTÍAS S.A.,G,21,TFN,34182-I_FIDEICOMISO_GOLF_CLUB_NORDELTA-01.txt
30623,,ASEGURADORA DE CRÉDITOS Y GARANTÍAS S.A.,G,21,TFN,34196-A_AGENCIA_MARITIMA_ULTRAMAR_ARGENTINA_SA-01.txt
30623,,ASEGURADORA DE CRÉDITOS Y GARANTÍAS S.A.,G,21,TFN,34196-A_AGENCIA_MARITIMA_ULTRAMAR_ARGENTINA_SA-02.txt
30623,,ASEGURADORA DE CRÉDITOS Y GARANTÍAS S.A.,G,21,TFN,34196-A_AGENCIA_MARITIMA_ULTRAMAR_ARGENTINA_SA-03.txt
30623,,ASEGURADORA DE CRÉDITOS Y GARANTÍAS S.A.,G,21,TFN,34196-A_AGENCIA_MARITIMA_ULTRAMAR_ARGENTINA_SA-04.txt
30623,,ASEGURADORA DE CRÉDITOS Y GARANTÍAS S.A.,G,21,TFN,34196-A_AGENCIA_MARITIMA_ULTRAMAR_ARGENTINA_SA-05.txt
30623,,ASEGURADORA DE CRÉDITOS Y GARANTÍAS S.A.,G,21,TFN,34196-A_AGENCIA_MARITIMA_ULTRAMAR_ARGENTINA_SA-06.txt
30623,,ASEGURADORA DE CRÉDITOS Y GARANTÍAS S.A.,G,21,TFN,34240-A_CONSULTORES_MARITIMOS_S.R.L-01.txt
30623,,ASEGURADORA DE CRÉDITOS Y GARANTÍAS S.A.,G,21,TFN,34240-A_CONSULTORES_MARITIMOS_S.R.L-02.txt
30623,,ASEGURADORA DE CRÉDITOS Y GARANTÍAS S.A.,G,21,TFN,34308-A_OLEAGINOSA_MORENO_HNOS_S.A.C.I.FI.-01.txt
30623,,ASEGURADORA DE CRÉDITOS Y GARANTÍAS S.A.,G,21,TFN,34361-I_METAL_POL_S.A.-01.txt
30623,,ASEGURADORA DE CRÉDITOS Y GARANTÍAS S.A.,G,21,TFN,34377-A_INTERNACIONAL_DE_PRODUCTOS_S.A.-01.txt
30623,,ASEGURADORA DE CRÉDITOS Y GARANTÍAS S.A.,G,21,TFN,34443-I_AKAR_AUTOMOTORES_S.A.-01.txt
30623,,ASEGURADORA DE CRÉDITOS Y GARANTÍAS S.A.,G,21,TFN,34443-I_AKAR_AUTOMOTORES_S.A.-02.txt
30623,,ASEGURADORA DE CRÉDITOS Y GARANTÍAS S.A.,G,21,TFN,34459-A_QUICKFOOD_S.A.-01.txt
30623,,ASEGURADORA DE CRÉDITOS Y GARANTÍAS S.A.,G,21,TFN,34479-A_LDC_ARGENTINA_S.A.-01.txt
30623,,ASEGURADORA DE CRÉDITOS Y GARANTÍAS S.A.,G,21,TFN,34483-A_VOLKSWAGEN_ARGENTINA_SA-01.txt
30623,,ASEGURADORA DE CRÉDITOS Y GARANTÍAS S.A.,G,21,TFN,34491-A_ACINDAR_INDUSTRIA_ARGENTINA_DE_ACEROS_S.A-01.txt
30623,,ASEGURADORA DE CRÉDITOS Y GARANTÍAS S.A.,G,21,TFN,34496-I_CAMICIA_MARIO_ANTONIO-01.txt
30623,,ASEGURADORA DE CRÉDITOS Y GARANTÍAS S.A.,G,21,TFN,34496-I_CAMICIA_MARIO_ANTONIO-02.txt
30623,,ASEGURADORA DE CRÉDITOS Y GARANTÍAS S.A.,G,21,TFN,34540-A_QUEBRACHITO_GRANOS_S.A.-01.txt
30623,,ASEGURADORA DE CRÉDITOS Y GARANTÍAS S.A.,G,21,TFN,34540-A_QUEBRACHITO_GRANOS_SA-02.txt
30623,,ASEGURADORA DE CRÉDITOS Y GARANTÍAS S.A.,G,21,TFN,34540-I_CARLOS_MIGUEL_MORANZONI_S.A-03.txt
30623,,ASEGURADORA DE CRÉDITOS Y GARANTÍAS S.A.,G,21,TFN,34540-I_CARLOS_MIGUEL_MORANZONI_S.A.-04.txt
30623,,ASEGURADORA DE CRÉDITOS Y GARANTÍAS S.A.,G,21,TFN,"34548-I_COOPERATIVA_DE_ENSEÑANZA_PRIMARIA,_SECUNDARIA_Y_ESPECIAL_ALM-01.txt"
30623,,ASEGURADORA DE CRÉDITOS Y GARANTÍAS S.A.,G,21,TFN,34618-A_ASEGURADORES_DE_CAUCIONES_S.A._COMPAÑÍA_DE_SEGUROS_S.A.-01.txt
30623,,ASEGURADORA DE CRÉDITOS Y GARANTÍAS S.A.,G,21,TFN,34618-A_ASEGURADORES_DE_CAUCIONES_S.A._COMPAÑÍA_DE_SEGUROS_S.A.-02.txt
30623,,ASEGURADORA DE CRÉDITOS Y GARANTÍAS S.A.,G,21,TFN,34633-A_BORRACHAS_VIPAL_S.A.-01.txt
30623,,ASEGURADORA DE CRÉDITOS Y GARANTÍAS S.A.,G,21,TFN,34642-A_SUCESIÓN_DE_CASTRO_HÉCTOR_SANTOS-01.txt
30623,,ASEGURADORA DE CRÉDITOS Y GARANTÍAS S.A.,G,21,TFN,34642-A_SUCESIÓN_DE_CASTRO_HÉCTOR_SANTOS-02.txt
30623,,ASEGURADORA DE CRÉDITOS Y GARANTÍAS S.A.,G,21,TFN,34642-I_SUCESIÓN_DE_CASTRO_HÉCTOR_SANTOS-01.txt
30623,,ASEGURADORA DE CRÉDITOS Y GARANTÍAS S.A.,G,21,TFN,34685-A_MAGALCUER_S.A.-01.txt
30623,,ASEGURADORA DE CRÉDITOS Y GARANTÍAS S.A.,G,21,TFN,34694-A_MAGALCUER_S.A.-01.txt
30623,,ASEGURADORA DE CRÉDITOS Y GARANTÍAS S.A.,G,21,TFN,34694-A_MAGALCUER_S.A.-02.txt
30623,,ASEGURADORA DE CRÉDITOS Y GARANTÍAS S.A.,G,21,TFN,34709-A_BERKLEY_INTERNATIONAL_SEGUROS_SA-01.txt
30623,,ASEGURADORA DE CRÉDITOS Y GARANTÍAS S.A.,G,21,TFN,34760-A_AR_ZINC_S.A.-01.txt
30623,,ASEGURADORA DE CRÉDITOS Y GARANTÍAS S.A.,G,21,TFN,34785-A_BARON_DE_YUMMA_PATRICIA_DEOLINDA-01.txt
30623,,ASEGURADORA DE CRÉDITOS Y GARANTÍAS S.A.,G,21,TFN,34799-A_COMPAÑIA_INDUSTRIAL_CERVECERA_S.A.-01.txt
30623,,ASEGURADORA DE CRÉDITOS Y GARANTÍAS S.A.,G,21,TFN,34957-I_Y_ACUM.-01.txt
30623,,ASEGURADORA DE CRÉDITOS Y GARANTÍAS S.A.,G,21,TFN,34957-I_Y_ACUM.-02.txt
30623,,ASEGURADORA DE CRÉDITOS Y GARANTÍAS S.A.,G,21,TFN,35039-I_MOLINOS_CAÑUELAS_S.A.C.I.F.I.A.-02.txt
30623,,ASEGURADORA DE CRÉDITOS Y GARANTÍAS S.A.,G,21,TFN,35039-I_MOLINO_CAÑUELAS_S.A.C.I.F.I.A.-01.txt
30623,,ASEGURADORA DE CRÉDITOS Y GARANTÍAS S.A.,G,21,TFN,35045-A_KIMBERLY_CLARK_ARGENTINA_S.A.-01.txt
30623,,ASEGURADORA DE CRÉDITOS Y GARANTÍAS S.A.,G,21,TFN,35045-A_KIMBERLY_CLARK_ARGENTINA_S.A.-02.txt
30623,,ASEGURADORA DE CRÉDITOS Y GARANTÍAS S.A.,G,21,TFN,35097-A_MALTERIA_PAMPA_S.A.-01.txt
30623,,ASEGURADORA DE CRÉDITOS Y GARANTÍAS S.A.,G,21,TFN,35097-A_MALTERIA_PAMPA_S.A.-02.txt
30623,,ASEGURADORA DE CRÉDITOS Y GARANTÍAS S.A.,G,21,TFN,35175-A_OLEAGINOSA_MORENO_HNOS_S.A.-01.txt
30623,,ASEGURADORA DE CRÉDITOS Y GARANTÍAS S.A.,G,21,TFN,35288-A_LDC_ARGENTINA_SA-01.txt
30623,,ASEGURADORA DE CRÉDITOS Y GARANTÍAS S.A.,G,21,TFN,35509-A_EMERSON_ARGENTINA_S.A.-01.txt
30623,,ASEGURADORA DE CRÉDITOS Y GARANTÍAS S.A.,G,21,TFN,35620-A_EASTMAN_CHEMICAL_ARGENTINA_S.A.-01.txt
30623,,ASEGURADORA DE CRÉDITOS Y GARANTÍAS S.A.,G,21,TFN,35630-A_ARGENTOIL_SA-01.txt
30623,,ASEGURADORA DE CRÉDITOS Y GARANTÍAS S.A.,G,21,TFN,35630-I_ARGENTOIL_SA-01.txt
30623,,ASEGURADORA DE CRÉDITOS Y GARANTÍAS S.A.,G,21,TFN,35675-A_NOKIA_ARGENTINA_SA-01.txt
30623,,ASEGURADORA DE CRÉDITOS Y GARANTÍAS S.A.,G,21,TFN,"35703-A_PULIAFITO,_ANTONIO_Y_OTRO-01.txt"
30623,,ASEGURADORA DE CRÉDITOS Y GARANTÍAS S.A.,G,21,TFN,35718-A_AGENCIA_MARITIMA_DELTA_S.A.-01.txt
30623,,ASEGURADORA DE CRÉDITOS Y GARANTÍAS S.A.,G,21,TFN,35718-I_AGENCIA_MARITIMA_DELTA_S.A.-01.txt
30623,,ASEGURADORA DE CRÉDITOS Y GARANTÍAS S.A.,G,21,TFN,35718-I_AGENCIA_MARITIMA_DELTA_S.A.-02.txt
30623,,ASEGURADORA DE CRÉDITOS Y GARANTÍAS S.A.,G,21,TFN,35785-A_SYPHON_S.A.-01.txt
30623,,ASEGURADORA DE CRÉDITOS Y GARANTÍAS S.A.,G,21,TFN,35785-I_SYPHON_S.A.-01.txt
30623,,ASEGURADORA DE CRÉDITOS Y GARANTÍAS S.A.,G,21,TFN,35788-I_PROSAVIC_S.R.L.-01.txt
30623,,ASEGURADORA DE CRÉDITOS Y GARANTÍAS S.A.,G,21,TFN,35800-A_SCANIA_ARGENTINA_S.A.-01.txt
30623,,ASEGURADORA DE CRÉDITOS Y GARANTÍAS S.A.,G,21,TFN,35840-A_MELONARI_JORGE_Y_MELONARI_JUAN_S.H.-01.txt
30623,,ASEGURADORA DE CRÉDITOS Y GARANTÍAS S.A.,G,21,TFN,35847-I_SIN_CARATULA-01.txt
30623,,ASEGURADORA DE CRÉDITOS Y GARANTÍAS S.A.,G,21,TFN,35945-A_ARRE_BEEF_SA-01.txt
30623,,ASEGURADORA DE CRÉDITOS Y GARANTÍAS S.A.,G,21,TFN,35945-A_ARRE_BEEF_SA-02.txt
30623,,ASEGURADORA DE CRÉDITOS Y GARANTÍAS S.A.,G,21,TFN,35945-I_ARRE_BEEF_SA-01.txt
30623,,ASEGURADORA DE CRÉDITOS Y GARANTÍAS S.A.,G,21,TFN,36024-A_S.A._SAN_MIGUEL_A.G.I.C.I._Y_F.-01.txt
30623,,ASEGURADORA DE CRÉDITOS Y GARANTÍAS S.A.,G,21,TFN,36024-I_S.A._SAN_MIGUEL_A.G.I.C.I._Y_F.-01.txt
30623,,ASEGURADORA DE CRÉDITOS Y GARANTÍAS S.A.,G,21,TFN,36024-I_S.A._SAN_MIGUEL_A.G.I.C.I._Y_F.-02.txt
30623,,ASEGURADORA DE CRÉDITOS Y GARANTÍAS S.A.,G,21,TFN,36024-I_S.A._SAN_MIGUEL_A.G.I.C.I._Y_F.-03.txt
30623,,ASEGURADORA DE CRÉDITOS Y GARANTÍAS S.A.,G,21,TFN,36031-A_P.B.B._POLISUR_S.A.-01.txt
30623,,ASEGURADORA DE CRÉDITOS Y GARANTÍAS S.A.,G,21,TFN,36061-I_HOMAQ_S.A.-01.txt
30623,,ASEGURADORA DE CRÉDITOS Y GARANTÍAS S.A.,G,21,TFN,36061-I_HOMAQ_S.A.-02.txt
30623,,ASEGURADORA DE CRÉDITOS Y GARANTÍAS S.A.,G,21,TFN,36071-A_ACINDAR_INDUSTRIA_ARGENTINA_DE_ACEROS_S.A.-01.txt
30623,,ASEGURADORA DE CRÉDITOS Y GARANTÍAS S.A.,G,21,TFN,36071-A_ACINDAR_INDUSTRIA_ARGENTINA_DE_ACEROS_S.A.-02.txt
30623,,ASEGURADORA DE CRÉDITOS Y GARANTÍAS S.A.,G,21,TFN,"36110-A_SERRO,_ALDO_NÉSTOR-01.txt"
30623,,ASEGURADORA DE CRÉDITOS Y GARANTÍAS S.A.,G,21,TFN,36115-A_ULTRAMAR_ARGENTINA_S.A.-01.txt
30623,,ASEGURADORA DE CRÉDITOS Y GARANTÍAS S.A.,G,21,TFN,36115-A_ULTRAMAR_ARGENTINA_S.A.-02.txt
30623,,ASEGURADORA DE CRÉDITOS Y GARANTÍAS S.A.,G,21,TFN,36179-I_COGNIS_S.A.-01.txt
30623,,ASEGURADORA DE CRÉDITOS Y GARANTÍAS S.A.,G,21,TFN,36179-I_COGNIS_S.A.-02.txt
30623,,ASEGURADORA DE CRÉDITOS Y GARANTÍAS S.A.,G,21,TFN,36225-A_ASEGURADORA_DE_CRÉDITOS_Y_GARANTÍAS_S.A.-01.txt
30623,,ASEGURADORA DE CRÉDITOS Y GARANTÍAS S.A.,G,21,TFN,36227-A_CABLETECH_ARGENTINA_S.A.-01.txt
30623,,ASEGURADORA DE CRÉDITOS Y GARANTÍAS S.A.,G,21,TFN,36227-A_CABLETECH_ARGENTINA_S.A.-02.txt
30623,,ASEGURADORA DE CRÉDITOS Y GARANTÍAS S.A.,G,21,TFN,"36253-A_PIERDOMINICI_RICARDO,_PATRICIO_BRUNO-01.txt"
30623,,ASEGURADORA DE CRÉDITOS Y GARANTÍAS S.A.,G,21,TFN,36253-A_PIERDOMINICI_RICARDO_PATRICIO_BRUNO-02.txt
30623,,ASEGURADORA DE CRÉDITOS Y GARANTÍAS S.A.,G,21,TFN,36257-A_CHUBB_ARGENTINA_DE_SEGUROS_SA-01.txt
30623,,ASEGURADORA DE CRÉDITOS Y GARANTÍAS S.A.,G,21,TFN,36257-A_CHUBB_ARGENTINA_DE_SEGUROS_SA-02.txt
30623,,ASEGURADORA DE CRÉDITOS Y GARANTÍAS S.A.,G,21,TFN,36257-A_CHUBB_ARGENTINA_DE_SEGUROS_SA-03.txt
30623,,ASEGURADORA DE CRÉDITOS Y GARANTÍAS S.A.,G,21,TFN,36301-A_AGENCIA_MARITIMA_WALSH_SRL-01.txt
30623,,ASEGURADORA DE CRÉDITOS Y GARANTÍAS S.A.,G,21,TFN,36301-A_AGENCIA_MARÍTIMA_WALSH_(E._BURTON)_S.R.L.-02.txt
30623,,ASEGURADORA DE CRÉDITOS Y GARANTÍAS S.A.,G,21,TFN,36360-A_D.T.T_S.R.L-01.txt
30623,,ASEGURADORA DE CRÉDITOS Y GARANTÍAS S.A.,G,21,TFN,36360-I_D.T.T_S.R.L-01.txt
30623,,ASEGURADORA DE CRÉDITOS Y GARANTÍAS S.A.,G,21,TFN,36360-I_D.T.T_S.R.L-02.txt
30623,,ASEGURADORA DE CRÉDITOS Y GARANTÍAS S.A.,G,21,TFN,36378-A_EMPRESA_PESQUERA_DE_LA_PATAGONIA_Y_ANTÁRTIDA_S.A.-01.txt
30623,,ASEGURADORA DE CRÉDITOS Y GARANTÍAS S.A.,G,21,TFN,36378-A_EMPRESA_PESQUERA_DE_LA_PATAGONIA_Y_ANTÁRTIDA_S.A.-02.txt
30623,,ASEGURADORA DE CRÉDITOS Y GARANTÍAS S.A.,G,21,TFN,"36395-A_NIETO,_JUDITH_ALEJANDRA-01.txt"
30623,,ASEGURADORA DE CRÉDITOS Y GARANTÍAS S.A.,G,21,TFN,36425-A_MOLINOS_RIO_DE_LA_PLATA_S.A.-01.txt
30623,,ASEGURADORA DE CRÉDITOS Y GARANTÍAS S.A.,G,21,TFN,36425-A_MOLINOS_RIO_DE_LA_PLATA_S.A.-02.txt
30623,,ASEGURADORA DE CRÉDITOS Y GARANTÍAS S.A.,G,21,TFN,36425-I_MOLINOS_RIO_DE_LA_PLATA_S.A.-01.txt
30623,,ASEGURADORA DE CRÉDITOS Y GARANTÍAS S.A.,G,21,TFN,36425-I_MOLINOS_RIO_DE_LA_PLATA_S.A.-02.txt
30623,,ASEGURADORA DE CRÉDITOS Y GARANTÍAS S.A.,G,21,TFN,36429-A_REFINERÍA_DEL_NORTE_S.A.-01.txt
30623,,ASEGURADORA DE CRÉDITOS Y GARANTÍAS S.A.,G,21,TFN,36429-A_REFINERÍA_DEL_NORTE_S.A.-02.txt
30623,,ASEGURADORA DE CRÉDITOS Y GARANTÍAS S.A.,G,21,TFN,36433-A_REFINERÍA_DEL_NORTE_S.A.-01.txt
30623,,ASEGURADORA DE CRÉDITOS Y GARANTÍAS S.A.,G,21,TFN,36454-A_LDC_ARGENTINA_S.A.-01.txt
30623,,ASEGURADORA DE CRÉDITOS Y GARANTÍAS S.A.,G,21,TFN,36454-A_LDC_ARGENTINA_SA-02.txt
30623,,ASEGURADORA DE CRÉDITOS Y GARANTÍAS S.A.,G,21,TFN,36454-I_CITY_LUCK_S.A.-03.txt
30623,,ASEGURADORA DE CRÉDITOS Y GARANTÍAS S.A.,G,21,TFN,36467-A_AGENCIA_MARÍTIMA_WALSH_(E._BURTON)_S.R.L.-01.txt
30623,,ASEGURADORA DE CRÉDITOS Y GARANTÍAS S.A.,G,21,TFN,36467-A_AGENCIA_MARÍTIMA_WALSH_(E._BURTON)_S.R.L.-02.txt
30623,,ASEGURADORA DE CRÉDITOS Y GARANTÍAS S.A.,G,21,TFN,36491-A_SKF_ARGENTINA_SA-01.txt
30623,,ASEGURADORA DE CRÉDITOS Y GARANTÍAS S.A.,G,21,TFN,36557-A_FELLIN_ARNOLDO-01.txt
30623,,ASEGURADORA DE CRÉDITOS Y GARANTÍAS S.A.,G,21,TFN,36612-A_LA_LUCÍA_HNAS_SA-01.txt
30623,,ASEGURADORA DE CRÉDITOS Y GARANTÍAS S.A.,G,21,TFN,36639-A_SIN_CARATULA-01.txt
30623,,ASEGURADORA DE CRÉDITOS Y GARANTÍAS S.A.,G,21,TFN,36644-A_HENSEL_NELIDA_SOFÍA-01.txt
30623,,ASEGURADORA DE CRÉDITOS Y GARANTÍAS S.A.,G,21,TFN,36644-A_HENSEL_NELIDA_SOFÍA-02.txt
30623,,ASEGURADORA DE CRÉDITOS Y GARANTÍAS S.A.,G,21,TFN,36644-I_HENSEL_NELIDA_SOFÍA-01.txt
30623,,ASEGURADORA DE CRÉDITOS Y GARANTÍAS S.A.,G,21,TFN,36697-I_OBRASCON_HUARTE_LAIN_S.A.-01.txt
30623,,ASEGURADORA DE CRÉDITOS Y GARANTÍAS S.A.,G,21,TFN,36697-I_OBRASCON_HUARTE_LAIN_S.A.-02.txt
30623,,ASEGURADORA DE CRÉDITOS Y GARANTÍAS S.A.,G,21,TFN,36697-I_OBRASCON_HUARTE_LAIN_S.A.-03.txt
30623,,ASEGURADORA DE CRÉDITOS Y GARANTÍAS S.A.,G,21,TFN,36725-A_TRANSPORTADORA_DE_GAS_DEL_SUR_S.A.-01.txt
30623,,ASEGURADORA DE CRÉDITOS Y GARANTÍAS S.A.,G,21,TFN,36727-A_TRANSPORTADORA_DE_GAS_DEL_SUR_S.A.-01.txt
30623,,ASEGURADORA DE CRÉDITOS Y GARANTÍAS S.A.,G,21,TFN,36727-A_TRANSPORTADORA_DE_GAS_DEL_SUR_S.A.-02.txt
30623,,ASEGURADORA DE CRÉDITOS Y GARANTÍAS S.A.,G,21,TFN,36727-A_TRANSPORTADORA_DE_GAS_DEL_SUR_S.A.-03.txt
30623,,ASEGURADORA DE CRÉDITOS Y GARANTÍAS S.A.,G,21,TFN,36728-A_TRANSPORTADORA_DE_GAS_DEL_SUR_SA-01.txt
30623,,ASEGURADORA DE CRÉDITOS Y GARANTÍAS S.A.,G,21,TFN,36728-A_TRANSPORTADORA_DE_GAS_DEL_SUR_SA-02.txt
30623,,ASEGURADORA DE CRÉDITOS Y GARANTÍAS S.A.,G,21,TFN,36758-A_MERCEDES_BENZ_ARGENTINA_S.A.-01.txt
30623,,ASEGURADORA DE CRÉDITOS Y GARANTÍAS S.A.,G,21,TFN,36818-A_ABBOTT_LABORATORIES_ARG._S.A.-01.txt
30623,,ASEGURADORA DE CRÉDITOS Y GARANTÍAS S.A.,G,21,TFN,36818-A_ABBOTT_LABORATORIES_ARG._S.A.-02.txt
30623,,ASEGURADORA DE CRÉDITOS Y GARANTÍAS S.A.,G,21,TFN,36845-A_COMPAÑÍA_DE_SEGUROS_LA_MERCANTIL_ANDINA_S.A.-01.txt
30623,,ASEGURADORA DE CRÉDITOS Y GARANTÍAS S.A.,G,21,TFN,36872-A_SONY_MUSIC_ENTERTAIMENT_ARGENTINA_S.A.-01.txt
30623,,ASEGURADORA DE CRÉDITOS Y GARANTÍAS S.A.,G,21,TFN,36885-A_BENTELER_AUTOMOTIVE_S.A.-01.txt
30623,,ASEGURADORA DE CRÉDITOS Y GARANTÍAS S.A.,G,21,TFN,36885-A_BENTELER_AUTOMOTIVE_S.A.-02.txt
30623,,ASEGURADORA DE CRÉDITOS Y GARANTÍAS S.A.,G,21,TFN,36924-A_SKF_ARGENTINA_S.A.-01.txt
30623,,ASEGURADORA DE CRÉDITOS Y GARANTÍAS S.A.,G,21,TFN,36951-I_WEREFKIN_S.A.-01.txt
30623,,ASEGURADORA DE CRÉDITOS Y GARANTÍAS S.A.,G,21,TFN,37048-A_O.S._S.A.-01.txt
30623,,ASEGURADORA DE CRÉDITOS Y GARANTÍAS S.A.,G,21,TFN,37048-I_O.S._S.A.-01.txt
30623,,ASEGURADORA DE CRÉDITOS Y GARANTÍAS S.A.,G,21,TFN,37106-A_SHELL_C.A.P.S.A.-02.txt
30623,,ASEGURADORA DE CRÉDITOS Y GARANTÍAS S.A.,G,21,TFN,37106-A_SHELL_COMPAÑÍA_ARGENTINA_DE_PETROLEO_S.A-03.txt
30623,,ASEGURADORA DE CRÉDITOS Y GARANTÍAS S.A.,G,21,TFN,37106-A_SHELL_COMPAÑÍA_ARGENTINA_DE_PETROLEO_S.A.-01.txt
30623,,ASEGURADORA DE CRÉDITOS Y GARANTÍAS S.A.,G,21,TFN,37147-A_SHIMISA_DE_COMERCIO_EXTERIOR_S.A.-01.txt
30623,,ASEGURADORA DE CRÉDITOS Y GARANTÍAS S.A.,G,21,TFN,37147-I_AGUILERA_EDUARDO_ALBERTO-02.txt
30623,,ASEGURADORA DE CRÉDITOS Y GARANTÍAS S.A.,G,21,TFN,37160-I_F._BRIONES_S.R.L.-02.txt
30623,,ASEGURADORA DE CRÉDITOS Y GARANTÍAS S.A.,G,21,TFN,37160-I_F_BRIONES_S.R.L.-01.txt
30623,,ASEGURADORA DE CRÉDITOS Y GARANTÍAS S.A.,G,21,TFN,37226-A_CHS_DE_ARGENTINA_S.A.-01.txt
30623,,ASEGURADORA DE CRÉDITOS Y GARANTÍAS S.A.,G,21,TFN,37235-A_CÍA._DE_SEGUROS_LA_MERCANTIL_ANDINA_S.A.-01.txt
30623,,ASEGURADORA DE CRÉDITOS Y GARANTÍAS S.A.,G,21,TFN,37246-I_SAUMA_AUTOMOTORES_S.A.C.I.F.A.G._Y_F.-01.txt
30623,,ASEGURADORA DE CRÉDITOS Y GARANTÍAS S.A.,G,21,TFN,"37290-I_FERNANDEZ,_RODOLFO-01.txt"
30623,,ASEGURADORA DE CRÉDITOS Y GARANTÍAS S.A.,G,21,TFN,"37290-I_FERNANDEZ,_RODOLFO-02.txt"
30623,,ASEGURADORA DE CRÉDITOS Y GARANTÍAS S.A.,G,21,TFN,37330-A_GRIMOLDI_S.A.-01.txt
30623,,ASEGURADORA DE CRÉDITOS Y GARANTÍAS S.A.,G,21,TFN,37331-A_HALLIBURTON_ARGENTINA_S.R.L.-01.txt
30623,,ASEGURADORA DE CRÉDITOS Y GARANTÍAS S.A.,G,21,TFN,37331-I_GRIMOLDI_S.A.-02.txt
30623,,ASEGURADORA DE CRÉDITOS Y GARANTÍAS S.A.,G,21,TFN,37331-I_GRIMOLDI_S.A.-03.txt
30623,,ASEGURADORA DE CRÉDITOS Y GARANTÍAS S.A.,G,21,TFN,37332-A_S.A._SAN_MIGUEL_A.G.I.C.I._Y_F.-01.txt
30623,,ASEGURADORA DE CRÉDITOS Y GARANTÍAS S.A.,G,21,TFN,37332-A_S.A._SAN_MIGUEL_A.G.I.C.I._Y_F.-02.txt
30623,,ASEGURADORA DE CRÉDITOS Y GARANTÍAS S.A.,G,21,TFN,37413-A_JOSE_HUESPE_E_HIJOS_S.A.I.C.-01.txt
30623,,ASEGURADORA DE CRÉDITOS Y GARANTÍAS S.A.,G,21,TFN,37413-A_JOSE_HUESPE_E_HIJOS_S.A.I.C.-02.txt
30623,,ASEGURADORA DE CRÉDITOS Y GARANTÍAS S.A.,G,21,TFN,37440-A_ACEITERA_GENERAL_DEHEZA_SA-01.txt
30623,,ASEGURADORA DE CRÉDITOS Y GARANTÍAS S.A.,G,21,TFN,37449-A_FUNNY_S.A.-01.txt
30623,,ASEGURADORA DE CRÉDITOS Y GARANTÍAS S.A.,G,21,TFN,37449-A_FUNNY_S.A.-02.txt
30623,,ASEGURADORA DE CRÉDITOS Y GARANTÍAS S.A.,G,21,TFN,37461-A_ROVAFARM_ARGENTINA_S.A.-01.txt
30623,,ASEGURADORA DE CRÉDITOS Y GARANTÍAS S.A.,G,21,TFN,37479-A_PETROBRAS_ARGENTINAS_S.A.-01.txt
30623,,ASEGURADORA DE CRÉDITOS Y GARANTÍAS S.A.,G,21,TFN,"37502-I_LETAMENDÍA,_ARTURO_CRISANTO-02.txt"
30623,,ASEGURADORA DE CRÉDITOS Y GARANTÍAS S.A.,G,21,TFN,37502-I_MONTE_DE_PINO_S.A.-01.txt
30623,,ASEGURADORA DE CRÉDITOS Y GARANTÍAS S.A.,G,21,TFN,37502-I_MONTE_DE_PINO_S.A.-03.txt
30623,,ASEGURADORA DE CRÉDITOS Y GARANTÍAS S.A.,G,21,TFN,37518-A_AGENCIA_MARITIMA_DULCE_S.A.-01.txt
30623,,ASEGURADORA DE CRÉDITOS Y GARANTÍAS S.A.,G,21,TFN,37525-A_TRANSPORTADORA_DE_GAS_DEL_SUR_S.A.-01.txt
30623,,ASEGURADORA DE CRÉDITOS Y GARANTÍAS S.A.,G,21,TFN,37525-A_TRANSPORTADORA_DE_GAS_DEL_SUR_S.A.-02.txt
30623,,ASEGURADORA DE CRÉDITOS Y GARANTÍAS S.A.,G,21,TFN,37585-A_BUNGE_ARGENTINA_S.A.-01.txt
30623,,ASEGURADORA DE CRÉDITOS Y GARANTÍAS S.A.,G,21,TFN,37648-A_3M_ARGENTINA_S.A.C.I.F.I.A.-01.txt
30623,,ASEGURADORA DE CRÉDITOS Y GARANTÍAS S.A.,G,21,TFN,37704-A_PROCTER_&_GAMBLE_ARGENTINA_SRL-01.txt
30623,,ASEGURADORA DE CRÉDITOS Y GARANTÍAS S.A.,G,21,TFN,38052-A_S.K.F._ARGENTINA_S.A.-01.txt
30623,,ASEGURADORA DE CRÉDITOS Y GARANTÍAS S.A.,G,21,TFN,38078-A_DISTRINANDO_S.A.-01.txt
30623,,ASEGURADORA DE CRÉDITOS Y GARANTÍAS S.A.,G,21,TFN,38139-A_FOSCO_LUIS_ROQUE-01.txt
30623,,ASEGURADORA DE CRÉDITOS Y GARANTÍAS S.A.,G,21,TFN,38232-A_LDC_ARGENTINA_S.A.-01.txt
30623,,ASEGURADORA DE CRÉDITOS Y GARANTÍAS S.A.,G,21,TFN,38241-A_SHELL_COMPAÑÍA_ARGENTINA_DE_PETRÓLEO_SA-01.txt
30623,,ASEGURADORA DE CRÉDITOS Y GARANTÍAS S.A.,G,21,TFN,38247-A_MONTEVER_S.A.-01.txt
30623,,ASEGURADORA DE CRÉDITOS Y GARANTÍAS S.A.,G,21,TFN,38252-I_MINERA_IRL_PATAGONIA_S.A.-01.txt
30623,,ASEGURADORA DE CRÉDITOS Y GARANTÍAS S.A.,G,21,TFN,38252-I_MINERA_IRL_PATAGONIA_S.A.-02.txt
30623,,ASEGURADORA DE CRÉDITOS Y GARANTÍAS S.A.,G,21,TFN,38263-A_MERCEDES_LA_PLATA_SRL-01.txt
30623,,ASEGURADORA DE CRÉDITOS Y GARANTÍAS S.A.,G,21,TFN,38306-A_AGENCIA_MARITIMA_ARGENPAR_S.A.-01.txt
30623,,ASEGURADORA DE CRÉDITOS Y GARANTÍAS S.A.,G,21,TFN,38309-A_ALBA_CIA._ARG._DE_SEG._S.A.-01.txt
30623,,ASEGURADORA DE CRÉDITOS Y GARANTÍAS S.A.,G,21,TFN,38345-A_MOLINOS_RÍO_DE_LA_PLATA_SA-01.txt
30623,,ASEGURADORA DE CRÉDITOS Y GARANTÍAS S.A.,G,21,TFN,38361-A_EXPLOTACIÓN_PESQUERA_DE_LA_PATAGONIA_S.A._(PESPASA)-01.txt
30623,,ASEGURADORA DE CRÉDITOS Y GARANTÍAS S.A.,G,21,TFN,38369-A_LDC_ARGENTINA_S.A.-01_copia.txt
30623,,ASEGURADORA DE CRÉDITOS Y GARANTÍAS S.A.,G,21,TFN,38386-A_INDUSTRIAS_METALÚRGICAS_PESCARMONA_S.A.I.C._Y_F.-03.txt
30623,,ASEGURADORA DE CRÉDITOS Y GARANTÍAS S.A.,G,21,TFN,38457-A_ASEGURADORA_DE_CRÉDITOS_Y_GARANTÍAS_SA.-01.txt
30623,,ASEGURADORA DE CRÉDITOS Y GARANTÍAS S.A.,G,21,TFN,38469-A_TANONI_HNOS_S.A.-01.txt
30623,,ASEGURADORA DE CRÉDITOS Y GARANTÍAS S.A.,G,21,TFN,38469-A_TANONI_HNOS_S.A.-02.txt
30623,,ASEGURADORA DE CRÉDITOS Y GARANTÍAS S.A.,G,21,TFN,38479-A_DELGADO_SEBASTIAN_ALEJANDRO_Y_OTRO-01.txt
30623,,ASEGURADORA DE CRÉDITOS Y GARANTÍAS S.A.,G,21,TFN,38479-A_DELGADO_SEBASTIAN_ALEJANDRO_Y_OTRO-02.txt
30623,,ASEGURADORA DE CRÉDITOS Y GARANTÍAS S.A.,G,21,TFN,38484-A_KALBERMATTER_LUIS_VICENTE-01.txt
30623,,ASEGURADORA DE CRÉDITOS Y GARANTÍAS S.A.,G,21,TFN,38538-A_MERCEDES_BENZ_ARGENTINA_S.A.-01.txt
30623,,ASEGURADORA DE CRÉDITOS Y GARANTÍAS S.A.,G,21,TFN,38578-A_TRANSPORTADORA_DE_GAS_DEL_SUR_S.A.-01.txt
30623,,ASEGURADORA DE CRÉDITOS Y GARANTÍAS S.A.,G,21,TFN,38646-A_TRADING_SUR_S.A.-01.txt
30623,,ASEGURADORA DE CRÉDITOS Y GARANTÍAS S.A.,G,21,TFN,"38658-A_SERRA_PASSARINI,_MARCOS_ARIEL-01.txt"
30623,,ASEGURADORA DE CRÉDITOS Y GARANTÍAS S.A.,G,21,TFN,38749-A_AGENCIA_MARITIMA_DULCE_S.A.-01.txt
30623,,ASEGURADORA DE CRÉDITOS Y GARANTÍAS S.A.,G,21,TFN,38831-A_EL_KIWAL_DE_MACEDO_S.A.-01.txt
30623,,ASEGURADORA DE CRÉDITOS Y GARANTÍAS S.A.,G,21,TFN,38831-A_EL_KIWAL_DE_MACEDO_S.A.-02.txt
30623,,ASEGURADORA DE CRÉDITOS Y GARANTÍAS S.A.,G,21,TFN,38964-A_SAN_ARAWA_S.A._Y_OTRO-01.txt
30623,,ASEGURADORA DE CRÉDITOS Y GARANTÍAS S.A.,G,21,TFN,39009-A_TRANSPORTADORA_DE_GAS_DEL_SUR_S.A.-01.txt
30623,,ASEGURADORA DE CRÉDITOS Y GARANTÍAS S.A.,G,21,TFN,39040-A_MIQUEL_Y_COSTAS_ARGENTINA_S.A.-02.txt
30623,,ASEGURADORA DE CRÉDITOS Y GARANTÍAS S.A.,G,21,TFN,39040-A_MIQUEL_Y_COSTAS_ARGENTINA_SA-01.txt
30623,,ASEGURADORA DE CRÉDITOS Y GARANTÍAS S.A.,G,21,TFN,39069-A_E-01.txt
30623,,ASEGURADORA DE CRÉDITOS Y GARANTÍAS S.A.,G,21,TFN,39069-A_E-02.txt
30623,,ASEGURADORA DE CRÉDITOS Y GARANTÍAS S.A.,G,21,TFN,39082-A_PELAEZ_SANTIAGO_OSCAR-01.txt
30623,,ASEGURADORA DE CRÉDITOS Y GARANTÍAS S.A.,G,21,TFN,39207-A_CENCOSUD_S.A.-01.txt
30623,,ASEGURADORA DE CRÉDITOS Y GARANTÍAS S.A.,G,21,TFN,39224-A_COSMÉTICOS_AVON_S.A.C.I.-01.txt
30623,,ASEGURADORA DE CRÉDITOS Y GARANTÍAS S.A.,G,21,TFN,39224-A_COSMÉTICOS_AVON_S.A.C.I.-02.txt
30623,,ASEGURADORA DE CRÉDITOS Y GARANTÍAS S.A.,G,21,TFN,39227-A_PESCARGEN_SA-01.txt
30623,,ASEGURADORA DE CRÉDITOS Y GARANTÍAS S.A.,G,21,TFN,39235-A_CREACIONES_AMERICANAS_S.R.L.-01.txt
30623,,ASEGURADORA DE CRÉDITOS Y GARANTÍAS S.A.,G,21,TFN,39235-A_CREACIONES_AMERICANAS_S.R.L.-02.txt
30623,,ASEGURADORA DE CRÉDITOS Y GARANTÍAS S.A.,G,21,TFN,39243-A_TRANSPORTADORA_DE_GAS_DEL_SUR_S.A.-01.txt
30623,,ASEGURADORA DE CRÉDITOS Y GARANTÍAS S.A.,G,21,TFN,39256-A_AGENCIA_MARITIMA_DULCE_S.A.-01_copia.txt
30623,,ASEGURADORA DE CRÉDITOS Y GARANTÍAS S.A.,G,21,TFN,39354-A_SILA_ARGENTINA_S.A.-01.txt
30623,,ASEGURADORA DE CRÉDITOS Y GARANTÍAS S.A.,G,21,TFN,39354-A_SILA_ARGENTINA_S.A.-02.txt
30623,,ASEGURADORA DE CRÉDITOS Y GARANTÍAS S.A.,G,21,TFN,39380-A_SILA_ARGENTINA_S.A.-01.txt
30623,,ASEGURADORA DE CRÉDITOS Y GARANTÍAS S.A.,G,21,TFN,39407-A_NARDELLI_ALESIO_ROBERTO.-01.txt
30623,,ASEGURADORA DE CRÉDITOS Y GARANTÍAS S.A.,G,21,TFN,39407-A_NARDELLI_ALESIO_ROBERTO.-02.txt
30623,,ASEGURADORA DE CRÉDITOS Y GARANTÍAS S.A.,G,21,TFN,39416-A_EDUCTRADE_ARGENTINA_S.A.-01.txt
30623,,ASEGURADORA DE CRÉDITOS Y GARANTÍAS S.A.,G,21,TFN,39435-A_DART_SUDAMERICANA_S.R.L.-01.txt
30623,,ASEGURADORA DE CRÉDITOS Y GARANTÍAS S.A.,G,21,TFN,39435-I_DART_SUDAMERICANA_S.R.L.-01.txt
30623,,ASEGURADORA DE CRÉDITOS Y GARANTÍAS S.A.,G,21,TFN,39532-A_SILA_ARGENTINA_S.A.-01.txt
30623,,ASEGURADORA DE CRÉDITOS Y GARANTÍAS S.A.,G,21,TFN,39625-A_COMPAÑÍA_DE_SEGUROS_LA_MERCANTIL_ANDINA_S.A.-01.txt
30623,,ASEGURADORA DE CRÉDITOS Y GARANTÍAS S.A.,G,21,TFN,39694-A_MAGALCUER_S.A.-01.txt
30623,,ASEGURADORA DE CRÉDITOS Y GARANTÍAS S.A.,G,21,TFN,39712-A_INDUSTRIAS_JOHN_DEERE_ARGENTINA_S.A.-01.txt
30623,,ASEGURADORA DE CRÉDITOS Y GARANTÍAS S.A.,G,21,TFN,39808-A_RODRIGUEZ_CLEMENTE_JUAN-01.txt
30623,,ASEGURADORA DE CRÉDITOS Y GARANTÍAS S.A.,G,21,TFN,39808-I_RODRIGUEZ_CLEMENTE_JUAN-01.txt
30623,,ASEGURADORA DE CRÉDITOS Y GARANTÍAS S.A.,G,21,TFN,39808-I_RODRIGUEZ_CLEMENTE_JUAN-02.txt
30623,,ASEGURADORA DE CRÉDITOS Y GARANTÍAS S.A.,G,21,TFN,39808-I_RODRIGUEZ_CLEMENTE_JUAN-03.txt
30623,,ASEGURADORA DE CRÉDITOS Y GARANTÍAS S.A.,G,21,TFN,39836-A_REHAU_S.A._Y_OTRO-01.txt
30623,,ASEGURADORA DE CRÉDITOS Y GARANTÍAS S.A.,G,21,TFN,39846-A_ASEGURADORES_DE_CAUCIONES_S.A._COMPAÑÍA_DE_SEGUROS-01.txt
30623,,ASEGURADORA DE CRÉDITOS Y GARANTÍAS S.A.,G,21,TFN,39853-A_MOLINO_CAÑUELAS_SACIFIA-01.txt
30623,,ASEGURADORA DE CRÉDITOS Y GARANTÍAS S.A.,G,21,TFN,39874-A_COFCO_INTERNATIONAL_ARGENTINA_S.A.-01_copia.txt
30623,,ASEGURADORA DE CRÉDITOS Y GARANTÍAS S.A.,G,21,TFN,39885-A_COFCO_INTERNATIONAL_ARGENTINA_S.A.-01.txt
30623,,ASEGURADORA DE CRÉDITOS Y GARANTÍAS S.A.,G,21,TFN,39885-A_COFCO_INTERNATIONAL_ARGENTINA_S.A.-02.txt
30623,,ASEGURADORA DE CRÉDITOS Y GARANTÍAS S.A.,G,21,TFN,39893-A_COFCO INTERNATIONAL ARGENTINA S.A_INLEG-2024-32286003-APN-VOCXX%23TFN.txt
30623,,ASEGURADORA DE CRÉDITOS Y GARANTÍAS S.A.,G,21,TFN,39895-A_COFCO_INTERNATIONAL_ARGENTINA_S.A.-01.txt
30623,,ASEGURADORA DE CRÉDITOS Y GARANTÍAS S.A.,G,21,TFN,39905-A_TRANSPORTADORA_DE_GAS_DEL_SUR_SA-01.txt
30623,,ASEGURADORA DE CRÉDITOS Y GARANTÍAS S.A.,G,21,TFN,39947-A_SKF_ARGENTINA_S.A.-01.txt
30623,,ASEGURADORA DE CRÉDITOS Y GARANTÍAS S.A.,G,21,TFN,39970-A_TOTAL_AUSTRAL_S.A.-01.txt
30623,,ASEGURADORA DE CRÉDITOS Y GARANTÍAS S.A.,G,21,TFN,39970-A_TOTAL_AUSTRAL_S.A.-02.txt
30623,,ASEGURADORA DE CRÉDITOS Y GARANTÍAS S.A.,G,21,TFN,39975-A_COFCO_INTERNATIONAL_ARGENTINA_S.A.-01.txt
30623,,ASEGURADORA DE CRÉDITOS Y GARANTÍAS S.A.,G,21,TFN,40003-A_IURINO_ANTONIO_SALVADOR-01.txt
30623,,ASEGURADORA DE CRÉDITOS Y GARANTÍAS S.A.,G,21,TFN,40020-A_PIONEER_ARGENTINA_SRL-01.txt
30623,,ASEGURADORA DE CRÉDITOS Y GARANTÍAS S.A.,G,21,TFN,40023-A_PIONEER_ARGENTINA_S.R.L.-01.txt
30623,,ASEGURADORA DE CRÉDITOS Y GARANTÍAS S.A.,G,21,TFN,40033-A_REFINERIA_DEL_NORTE_S.A.-02.txt
30623,,ASEGURADORA DE CRÉDITOS Y GARANTÍAS S.A.,G,21,TFN,40033-A_REFINERÍA_DEL_NORTE_S.A.-01.txt
30623,,ASEGURADORA DE CRÉDITOS Y GARANTÍAS S.A.,G,21,TFN,40035-A_ROBERTO_RODOFELI_Y_COMPAÑÍA_SRL-01.txt
30623,,ASEGURADORA DE CRÉDITOS Y GARANTÍAS S.A.,G,21,TFN,40035-A_ROBERTO_RODOFELI_Y_COMPAÑÍA_SRL-02.txt
30623,,ASEGURADORA DE CRÉDITOS Y GARANTÍAS S.A.,G,21,TFN,40036-A_LOGICALIS_ARGENTINA_S.A.-01.txt
30623,,ASEGURADORA DE CRÉDITOS Y GARANTÍAS S.A.,G,21,TFN,40079-A_CRUCERO_DEL_NORTE_S.R.L.-01.txt
30623,,ASEGURADORA DE CRÉDITOS Y GARANTÍAS S.A.,G,21,TFN,40106-A_ALEA_Y_CIA_S.A.-01.txt
30623,,ASEGURADORA DE CRÉDITOS Y GARANTÍAS S.A.,G,21,TFN,40106-I_TEX_ARGENTINA_S.R.L.-02.txt
30623,,ASEGURADORA DE CRÉDITOS Y GARANTÍAS S.A.,G,21,TFN,40106-I_TEX_ARGENTINA_S.R.L.-03.txt
30623,,ASEGURADORA DE CRÉDITOS Y GARANTÍAS S.A.,G,21,TFN,41630-I_LDH_CONSTRUCCIONES_S.A.-01.txt
30623,,ASEGURADORA DE CRÉDITOS Y GARANTÍAS S.A.,G,21,TFN,42023-I_XESALUD_S.A.-01.txt
30623,,ASEGURADORA DE CRÉDITOS Y GARANTÍAS S.A.,G,21,TFN,"42327-I_NAVALES,_PABLO_ÁNGEL-01.txt"
30623,,ASEGURADORA DE CRÉDITOS Y GARANTÍAS S.A.,G,21,TFN,"42327-I_NAVALES,_PABLO_ÁNGEL-02.txt"
30623,,ASEGURADORA DE CRÉDITOS Y GARANTÍAS S.A.,G,21,TFN,42740-I_NAVAR_S.A.-01.txt
30623,,ASEGURADORA DE CRÉDITOS Y GARANTÍAS S.A.,G,21,TFN,"43032-I_WIDMER,_SEBASTIAN_JOSE-01.txt"
30623,,ASEGURADORA DE CRÉDITOS Y GARANTÍAS S.A.,G,21,TFN,43320-I_CROSA_REMATES_S.R.L.-01.txt
30623,,ASEGURADORA DE CRÉDITOS Y GARANTÍAS S.A.,G,21,TFN,43320-I_CROSA_REMATES_S.R.L.-02.txt
30623,,ASEGURADORA DE CRÉDITOS Y GARANTÍAS S.A.,G,21,TFN,43370-I_SOCIEDAD_DE_BOLSA_LIBRA_S.A.-01.txt
30623,,ASEGURADORA DE CRÉDITOS Y GARANTÍAS S.A.,G,21,TFN,45815-I_MONZA_OSVALDO_RAMON_–_RESPONSABLE_SOLIDARIO_DE_ALBERTI_CEREA-01.txt
30623,,ASEGURADORA DE CRÉDITOS Y GARANTÍAS S.A.,G,21,TFN,45815-I_MONZA_OSVALDO_RAMON_–_RESPONSABLE_SOLIDARIO_DE_ALBERTI_CEREA-02.txt
30623,,ASEGURADORA DE CRÉDITOS Y GARANTÍAS S.A.,G,21,TFN,46621-I_FO-EX_S.R.L.-01.txt
30623,,ASEGURADORA DE CRÉDITOS Y GARANTÍAS S.A.,G,21,TFN,46621-I_FO-EX_SRL-02.txt
30623,,ASEGURADORA DE CRÉDITOS Y GARANTÍAS S.A.,G,21,TFN,47041-I_GIGLIOTTI_EMMANUEL-01.txt
30623,,ASEGURADORA DE CRÉDITOS Y GARANTÍAS S.A.,G,21,TFN,47096-I_HONDA_MOTOR_DE_ARGENTINA_S.A.-01.txt
30623,,ASEGURADORA DE CRÉDITOS Y GARANTÍAS S.A.,G,21,TFN,47260-I_LA_MEDITERRÁNEA_S.A.-01.txt
30623,,ASEGURADORA DE CRÉDITOS Y GARANTÍAS S.A.,G,21,TFN,47274-I_NUEVOS_AIRES_GROUP_S.A.-01.txt
30623,,ASEGURADORA DE CRÉDITOS Y GARANTÍAS S.A.,G,21,TFN,47274-I_NUEVOS_AIRES_GROUP_S.A.-02.txt
30623,,ASEGURADORA DE CRÉDITOS Y GARANTÍAS S.A.,G,21,TFN,47760-I_CATTORINI_HNOS_S.A.I.C.F.E.I.-02.txt
30623,,ASEGURADORA DE CRÉDITOS Y GARANTÍAS S.A.,G,21,TFN,47760-I_CATTORINI_HNOS_S.A.I.CF.E.I-01.txt
30623,,ASEGURADORA DE CRÉDITOS Y GARANTÍAS S.A.,G,21,TFN,"47902-I_VILLAGRA,_YOLANDA_EDITH-01.txt"
30623,,ASEGURADORA DE CRÉDITOS Y GARANTÍAS S.A.,G,21,TFN,"47902-I_VILLAGRA,_YOLANDA_EDITH-02.txt"
30623,,ASEGURADORA DE CRÉDITOS Y GARANTÍAS S.A.,G,21,TFN,48188-I_WICAP_S.A.-01.txt
30623,,ASEGURADORA DE CRÉDITOS Y GARANTÍAS S.A.,G,21,TFN,48200-I_GOMEZ_FLORENTINO_ALFREDO-01.txt
30623,,ASEGURADORA DE CRÉDITOS Y GARANTÍAS S.A.,G,21,TFN,48367-I_SANCHEZ_OSCAR_ALEJANDRO-01.txt
30623,,ASEGURADORA DE CRÉDITOS Y GARANTÍAS S.A.,G,21,TFN,"48493-I_RIMOLDI,_RICARDO_ALBERTO-01.txt"
30623,,ASEGURADORA DE CRÉDITOS Y GARANTÍAS S.A.,G,21,TFN,"48493-I_RIMOLDI,_RICARDO_ALBERTO-02.txt"
30623,,ASEGURADORA DE CRÉDITOS Y GARANTÍAS S.A.,G,21,TFN,48607-I_ASOCIACIÓN_MUTUAL_DE_ACTIVIDADES_CREDITICIAS_(AMACRED).-01.txt
30623,,ASEGURADORA DE CRÉDITOS Y GARANTÍAS S.A.,G,21,TFN,48607-I_ASOCIACIÓN_MUTUAL_DE_ACTIVIDADES_CREDITICIAS_(AMACRED).-02.txt
30623,,ASEGURADORA DE CRÉDITOS Y GARANTÍAS S.A.,G,21,TFN,48784-I_POLIRESINAS_SAN_LUIS_S.A.-01.txt
30623,,ASEGURADORA DE CRÉDITOS Y GARANTÍAS S.A.,G,21,TFN,48813-I_MAVEA_S.A.-01.txt
30623,,ASEGURADORA DE CRÉDITOS Y GARANTÍAS S.A.,G,21,TFN,49448-I_YECAR_S.A.-01.txt
30623,,ASEGURADORA DE CRÉDITOS Y GARANTÍAS S.A.,G,21,TFN,49448-I_YECAR_S.A.-02.txt
30623,,ASEGURADORA DE CRÉDITOS Y GARANTÍAS S.A.,G,21,TFN,49448-I_YECAR_S.A.-03.txt
30623,,ASEGURADORA DE CRÉDITOS Y GARANTÍAS S.A.,G,21,TFN,49460-I_BALIARDA_S.A.-01.txt
30623,,ASEGURADORA DE CRÉDITOS Y GARANTÍAS S.A.,G,21,TFN,49460-I_BALIARDA_S.A.-02.txt
30623,,ASEGURADORA DE CRÉDITOS Y GARANTÍAS S.A.,G,21,TFN,49460-I_Y_ACUM.-02.txt
30623,,ASEGURADORA DE CRÉDITOS Y GARANTÍAS S.A.,G,21,TFN,49568-I_DOVAL_LUIS_ALBERTO-01.txt
30623,,ASEGURADORA DE CRÉDITOS Y GARANTÍAS S.A.,G,21,TFN,49568-I_DOVAL_LUIS_ALBERTO-02.txt
30623,,ASEGURADORA DE CRÉDITOS Y GARANTÍAS S.A.,G,21,TFN,49613-I_FERROEXPRESO_PAMPEANO_S.A._CONCESIONARIA-01.txt
30623,,ASEGURADORA DE CRÉDITOS Y GARANTÍAS S.A.,G,21,TFN,49792-I_BUENAHORA_ANDREA_CRISTINA-02.txt
30623,,ASEGURADORA DE CRÉDITOS Y GARANTÍAS S.A.,G,21,TFN,49792-I_INCIDENTE-01.txt
30623,,ASEGURADORA DE CRÉDITOS Y GARANTÍAS S.A.,G,21,TFN,EX-2019-103157087- -APN-SGASAD#TFN_LDC_ARGENTINA_S.A.-01.txt
30623,,ASEGURADORA DE CRÉDITOS Y GARANTÍAS S.A.,G,21,TFN,EX-2019-104149914- -APN-SGAI#TFN_BANCO_ITAU_ARGENTINA_S.A.-01.txt
30623,,ASEGURADORA DE CRÉDITOS Y GARANTÍAS S.A.,G,21,TFN,EX-2019-105903394- -APN-SGAI#TFN_TELEXTORAGE_S.A-01.txt
30623,,ASEGURADORA DE CRÉDITOS Y GARANTÍAS S.A.,G,21,TFN,EX-2019-105903394- -APN-SGAI#TFN_TELEXTORAGE_S.A-02.txt
30623,,ASEGURADORA DE CRÉDITOS Y GARANTÍAS S.A.,G,21,TFN,EX-2019-107825855- -APN-SGASAD#TFN_TRANSPORTADORA_DE_GAS_DEL_SUR_S.A.-01.txt
30623,,ASEGURADORA DE CRÉDITOS Y GARANTÍAS S.A.,G,21,TFN,EX-2019-107853243--APN-SGASAD#TFN_MOLINO_CAÑUELAS_SOCIEDAD_ANONIMA_COMERCIAL_INDUSTRIAL_FINANC-01.txt
30623,,ASEGURADORA DE CRÉDITOS Y GARANTÍAS S.A.,G,21,TFN,EX-2019-107853243-APN-SGASAD#TFN_MOLINO_CAÑUELAS_SOCIEDAD_ANONIMA_COMERCIAL_INDUSTRIAL_FINANC-01.txt
30623,,ASEGURADORA DE CRÉDITOS Y GARANTÍAS S.A.,G,21,TFN,EX-2019-109112281-APN-SGASAD#TFN_SILA_ARGENTINA_S.A.-01.txt
30623,,ASEGURADORA DE CRÉDITOS Y GARANTÍAS S.A.,G,21,TFN,EX-2019-111112552- -APN-SGAI#TFN_GHS_BUENOS_AIRES_S.A-01.txt
30623,,ASEGURADORA DE CRÉDITOS Y GARANTÍAS S.A.,G,21,TFN,EX-2019-48766282- -APN-SGASAD#TFN_MOLINOS_RÍO_DE_LA_PLATA_S.A.-01.txt
30623,,ASEGURADORA DE CRÉDITOS Y GARANTÍAS S.A.,G,21,TFN,EX-2019-53857794- -APN-SGAI#TFN_PERTICARO_FABIANA_ELENA-01.txt
30623,,ASEGURADORA DE CRÉDITOS Y GARANTÍAS S.A.,G,21,TFN,EX-2019-62467371- -APN-SGAI#TFN_GRIMOLDI_S.A.-01.txt
30623,,ASEGURADORA DE CRÉDITOS Y GARANTÍAS S.A.,G,21,TFN,EX-2019-62467371- -APN-SGAI#TFN_GRIMOLDI_S.A.-02.txt
30623,,ASEGURADORA DE CRÉDITOS Y GARANTÍAS S.A.,G,21,TFN,EX-2019-65606280- -APN-SGAI#TFN_LDC_ARGENTINA_S.A-01.txt
30623,,ASEGURADORA DE CRÉDITOS Y GARANTÍAS S.A.,G,21,TFN,EX-2019-65606280- -APN-SGAI#TFN_LDC_ARGENTINA_S.A-02.txt
30623,,ASEGURADORA DE CRÉDITOS Y GARANTÍAS S.A.,G,21,TFN,EX-2019-65606280- -APN-SGAI#TFN_LDC_ARGENTINA_S.A-03.txt
30623,,ASEGURADORA DE CRÉDITOS Y GARANTÍAS S.A.,G,21,TFN,EX-2019-70968133-APN-SGASAD#TFN_ALIMENTOS_Y_FORRAJES_S.A.-01.txt
30623,,ASEGURADORA DE CRÉDITOS Y GARANTÍAS S.A.,G,21,TFN,EX-2019-78119989-APN-SGASAD#TFN.txt
30623,,ASEGURADORA DE CRÉDITOS Y GARANTÍAS S.A.,G,21,TFN,EX-2019-79458593- -APN-SGASAD#TFN_TRANSPORTADORA_DE_GAS_DEL_SUR_S.A-01.txt
30623,,ASEGURADORA DE CRÉDITOS Y GARANTÍAS S.A.,G,21,TFN,EX-2019-90260902- -APN-SGASAD#TFN_ARTE_GRÁFICO_EDITORIAL_ARGENTINO_S.A.-01.txt
30623,,ASEGURADORA DE CRÉDITOS Y GARANTÍAS S.A.,G,21,TFN,EX-2019-98822525- -APN-SGASAD#TFN_MATTEL_ARGENTINA_S.A.-01.txt
30623,,ASEGURADORA DE CRÉDITOS Y GARANTÍAS S.A.,G,21,TFN,EX-2019-98822525- -APN-SGASAD#TFN_MATTEL_ARGENTINA_S.A.-02.txt
30623,,ASEGURADORA DE CRÉDITOS Y GARANTÍAS S.A.,G,21,TFN,EX-2019-99034292- -APN-SGASAD#TFN_COMPAÑIA_ARGENTINA_DE_GRANOS_S.A.-01.txt
30623,,ASEGURADORA DE CRÉDITOS Y GARANTÍAS S.A.,G,21,TFN,EX-2019-99034292- -APN-SGASAD#TFN_COMPAÑIA_ARGENTINA_DE_GRANOS_S.A.-02.txt
30623,,ASEGURADORA DE CRÉDITOS Y GARANTÍAS S.A.,G,21,TFN,EX-2019-99034292- -APN-SGASAD#TFN_COMPAÑIA_ARGENTINA_DE_GRANOS_S.A.-03.txt
30623,,ASEGURADORA DE CRÉDITOS Y GARANTÍAS S.A.,G,21,TFN,EX-2020-13748293- APN-SGASAD#TFN_SA._ESTABLECIMIENTOS_VITIVINICOLAS_ESCORIHUELA-01.txt
30623,,ASEGURADORA DE CRÉDITOS Y GARANTÍAS S.A.,G,21,TFN,EX-2020-13748293--APN-SGASAD#TFN_SA._ESTABLECIMIENTOS_VITIVINICOLAS_ESCORIHUELA-01.txt
30623,,ASEGURADORA DE CRÉDITOS Y GARANTÍAS S.A.,G,21,TFN,EX-2020-15323164-APN-SGASAD#TFN_PETROQUÍMICA_COMODORO_RIVADAVIA_S.A.-01.txt
30623,,ASEGURADORA DE CRÉDITOS Y GARANTÍAS S.A.,G,21,TFN,EX-2020-24586266- -APN-SGASAD#TFN_PETROQUIMICA_COMODORO_RIVADAVIA_S.A.-01.txt
30623,,ASEGURADORA DE CRÉDITOS Y GARANTÍAS S.A.,G,21,TFN,EX-2020-35802215-APN-SGASAD#TFN_PATAGONIAN_FRUITS_TRADE_S.A.-01.txt
30623,,ASEGURADORA DE CRÉDITOS Y GARANTÍAS S.A.,G,21,TFN,EX-2020-45316460- -APN-SGAI#TFN_CALINGASTA_MINERALES_S.R.L-01.txt
30623,,ASEGURADORA DE CRÉDITOS Y GARANTÍAS S.A.,G,21,TFN,EX-2020-45316460- -APN-SGAI#TFN_CALINGASTA_MINERALES_SRL-03.txt
30623,,ASEGURADORA DE CRÉDITOS Y GARANTÍAS S.A.,G,21,TFN,EX-2020-45316460- -APN-SGAI#TFN_Y_SUS_ACUM.-02.txt
30623,,ASEGURADORA DE CRÉDITOS Y GARANTÍAS S.A.,G,21,TFN,EX-2020-50551582- -APN-SGASAD#TFN_BUNGE_ARGENTINA_S.A.-01.txt
30623,,ASEGURADORA DE CRÉDITOS Y GARANTÍAS S.A.,G,21,TFN,EX-2020-50551582- -APNSGASAD#TFN_BUNGE_ARGENTINA_S.A.-01.txt
30623,,ASEGURADORA DE CRÉDITOS Y GARANTÍAS S.A.,G,21,TFN,EX-2020-53069404- -APN-SGASAD#TFN_ACEITERA_GENERAL_DEHEZA_S.A.-02.txt
30623,,ASEGURADORA DE CRÉDITOS Y GARANTÍAS S.A.,G,21,TFN,EX-2020-53069404- -APN-SGASAD#TFN_ACEITERA_GENERAL_DEHEZA_S.A._COMPAÑIA_DE_SEGUROS-01.txt
30623,,ASEGURADORA DE CRÉDITOS Y GARANTÍAS S.A.,G,21,TFN,EX-2020-53069404--APN-SGASAD#TFN_ACEITERA_GENERAL_DEHEZA_S.A._COMPAÑIA_DE_SEGUROS-01.txt
30623,,ASEGURADORA DE CRÉDITOS Y GARANTÍAS S.A.,G,21,TFN,EX-2020-57029364-APN-SGAI#TFN_INVISTA_ARGENTINA_SRL-01.txt
30623,,ASEGURADORA DE CRÉDITOS Y GARANTÍAS S.A.,G,21,TFN,EX-2020-57737710- -APN-SGAI#TFN_ORGANIZACIÓN_MUSICAL_SUDAMERICANA_S.R.L._(OMSA_S.R.L.)-01.txt
30623,,ASEGURADORA DE CRÉDITOS Y GARANTÍAS S.A.,G,21,TFN,EX-2020-67137511- -APN-SGASAD#TFN_SIN_CARATULA-01.txt
30623,,ASEGURADORA DE CRÉDITOS Y GARANTÍAS S.A.,G,21,TFN,EX-2020-86968610- -APN-SGASAD#TFN_BATTAGLIO_ARGENTINA_S.A.-01.txt
30623,,ASEGURADORA DE CRÉDITOS Y GARANTÍAS S.A.,G,21,TFN,EX-2020-87873092-APN-SGAI#TFN_LOPES_JOSE-01.txt
30623,,ASEGURADORA DE CRÉDITOS Y GARANTÍAS S.A.,G,21,TFN,EX-2020-87875335-APNSGAI#TFN_LOPES_JOSE-01.txt
30623,,ASEGURADORA DE CRÉDITOS Y GARANTÍAS S.A.,G,21,TFN,EX-2021-03322122- -APN-SGASAD#TFN_MISKA_S.A.-01.txt
30623,,ASEGURADORA DE CRÉDITOS Y GARANTÍAS S.A.,G,21,TFN,EX-2021-03322122- -APN-SGASAD#TFN_MISKA_S.A.-02.txt
30623,,ASEGURADORA DE CRÉDITOS Y GARANTÍAS S.A.,G,21,TFN,EX-2021-03322791-APN-SGASAD#TFN_MISKA_S.A-01.txt
30623,,ASEGURADORA DE CRÉDITOS Y GARANTÍAS S.A.,G,21,TFN,EX-2021-08838124- -APN-SGASAD#TFN_SIN_CARATULA-01.txt
30623,,ASEGURADORA DE CRÉDITOS Y GARANTÍAS S.A.,G,21,TFN,EX-2021-10517120-APN-SGASAD#TFN_EX-2021-10517120APN-SGASAD#TFN_(COMPAÑÍA_GENERAL_DE_COMBUSTI-01.txt
30623,,ASEGURADORA DE CRÉDITOS Y GARANTÍAS S.A.,G,21,TFN,EX-2021-10517120-APN-SGASAD#TFN_EX-2021-10517120APN-SGASAD#TFN_(COMPAÑÍA_GENERAL_DE_COMBUSTI-02.txt
30623,,ASEGURADORA DE CRÉDITOS Y GARANTÍAS S.A.,G,21,TFN,EX-2021-10517120-APN-SGASAD#TFN_EX-2021-10517120APN-SGASAD#TFN_(COMPAÑÍA_GENERAL_DE_COMBUSTI-03.txt
30623,,ASEGURADORA DE CRÉDITOS Y GARANTÍAS S.A.,G,21,TFN,EX-2021-106673613- -APN-SGASAD#TFN_UTP_ARGENTINA_S.R.L.-01.txt
30623,,ASEGURADORA DE CRÉDITOS Y GARANTÍAS S.A.,G,21,TFN,EX-2021-107238511-APN-SGASAD#TFN_ASEGURADORA_DE_CRÉDITOS_Y_GARANTÍAS-01.txt
30623,,ASEGURADORA DE CRÉDITOS Y GARANTÍAS S.A.,G,21,TFN,EX-2021-111327176- -APN-SGASAD#TFN_BATTAGLIO_ARGENTINA_S.A.-01.txt
30623,,ASEGURADORA DE CRÉDITOS Y GARANTÍAS S.A.,G,21,TFN,EX-2021-116232719-APN-SGASAD#TFN_PAN_AMERICAN_ENERGY_S.L._SUCURSAL_ARGENTINA-01.txt
30623,,ASEGURADORA DE CRÉDITOS Y GARANTÍAS S.A.,G,21,TFN,EX-2021-121714616- -APN-SGASAD#TFN_OLEAGINOSA_MORENO_HERMANOS_S.A.C.I.F.I.YA.-01.txt
30623,,ASEGURADORA DE CRÉDITOS Y GARANTÍAS S.A.,G,21,TFN,EX-2021-124425305- -APN-SGAI#TFN_URBASER_ARGENTINA_S.A-01.txt
30623,,ASEGURADORA DE CRÉDITOS Y GARANTÍAS S.A.,G,21,TFN,EX-2021-124425305-APN-SGAI#TFN y sus acumulados EX-2021-124442131-APN-SGAI#TFN_URBASER_ARGENTINA_S.A-01.txt
30623,,ASEGURADORA DE CRÉDITOS Y GARANTÍAS S.A.,G,21,TFN,EX-2021-124425305-APN-SGAI#TFN y sus acumulados EX-2021-124442131-APN-SGAI#TFN_URBASER_ARGENTINA_S.A-02.txt
30623,,ASEGURADORA DE CRÉDITOS Y GARANTÍAS S.A.,G,21,TFN,EX-2021-125742998- -APN-SGAI#TFN_EMPRESA_DISTRIBUIDORA_LA_PLATA_S.A.-01.txt
30623,,ASEGURADORA DE CRÉDITOS Y GARANTÍAS S.A.,G,21,TFN,EX-2021-125742998-APNSGAI#TFN_EMPRESA_DISTRIBUIDORA_LA_PLATA_S.A.-02.txt
30623,,ASEGURADORA DE CRÉDITOS Y GARANTÍAS S.A.,G,21,TFN,EX-2021-13358457-APN-SGASAD#TFN 07-05_copia.txt
30623,,ASEGURADORA DE CRÉDITOS Y GARANTÍAS S.A.,G,21,TFN,EX-2021-16659476-APN-SGASAD#TFN_ACEITERA_GENERAL_DEHEZA_S.A.-01.txt
30623,,ASEGURADORA DE CRÉDITOS Y GARANTÍAS S.A.,G,21,TFN,EX-2021-16659476-APN-SGASAD#TFN_ACEITERA_GENERAL_DEHEZA_S.A.-02.txt
30623,,ASEGURADORA DE CRÉDITOS Y GARANTÍAS S.A.,G,21,TFN,EX-2021-28668649- -APN-SGASAD#TFN_SPECIALITIES_ARGENTINAS_S.A._C__DGA-01.txt
30623,,ASEGURADORA DE CRÉDITOS Y GARANTÍAS S.A.,G,21,TFN,EX-2021-33251411- -APN-SGASAD#TFN_LIXIS_S.A.-01.txt
30623,,ASEGURADORA DE CRÉDITOS Y GARANTÍAS S.A.,G,21,TFN,EX-2021-34743770-APN-SGASAD#TFN_ACEITERA_GENERAL_DEHEZA_S.A.-01.txt
30623,,ASEGURADORA DE CRÉDITOS Y GARANTÍAS S.A.,G,21,TFN,EX-2021-34743770-APN-SGASAD#TFN_ACEITERA_GENERAL_DEHEZA_S.A.-02.txt
30623,,ASEGURADORA DE CRÉDITOS Y GARANTÍAS S.A.,G,21,TFN,EX-2021-37421129-APN-SGAI#TFN_ADM_AGRO_SRL-01.txt
30623,,ASEGURADORA DE CRÉDITOS Y GARANTÍAS S.A.,G,21,TFN,EX-2021-37421129-APN-SGAI#TFN_ADM_AGRO_SRL-02.txt
30623,,ASEGURADORA DE CRÉDITOS Y GARANTÍAS S.A.,G,21,TFN,EX-2021-42582326-APNSGAI#TFN_VITOP_INTERNACIONAL_S.A.-01.txt
30623,,ASEGURADORA DE CRÉDITOS Y GARANTÍAS S.A.,G,21,TFN,EX-2021-49113706- -APN-SGASAD#TFN_CONO_S.A.-01.txt
30623,,ASEGURADORA DE CRÉDITOS Y GARANTÍAS S.A.,G,21,TFN,EX-2021-50963707-APN-SGASAD#TFN_MARISA_LIBUTZKI-01.txt
30623,,ASEGURADORA DE CRÉDITOS Y GARANTÍAS S.A.,G,21,TFN,EX-2021-50963707-APN-SGASAD#TFN_MARISA_LIBUTZKI-02.txt
30623,,ASEGURADORA DE CRÉDITOS Y GARANTÍAS S.A.,G,21,TFN,EX-2021-54498768- -APN-SGASAD#TFN_SIN_CARATULA-01.txt
30623,,ASEGURADORA DE CRÉDITOS Y GARANTÍAS S.A.,G,21,TFN,EX-2021-62500691-APN- -SGASAD#TFN_AVERY_DENNISON_ARGENTINA_S.R.L.-01.txt
30623,,ASEGURADORA DE CRÉDITOS Y GARANTÍAS S.A.,G,21,TFN,EX-2021-72054838- -APN-SGASAD#TFN_RAISING_S.A.-01.txt
30623,,ASEGURADORA DE CRÉDITOS Y GARANTÍAS S.A.,G,21,TFN,EX-2021-72054838--APN-SGASAD#TFN_RAISING_S.A.-01.txt
30623,,ASEGURADORA DE CRÉDITOS Y GARANTÍAS S.A.,G,21,TFN,EX-2021-72308171--APN-SGASAD#TFN_SOYAPAMPA_S.A.-01.txt
30623,,ASEGURADORA DE CRÉDITOS Y GARANTÍAS S.A.,G,21,TFN,EX-2021-72308171-APN-SGASAD#TFN_SOYAPAMPA_S.A.-01.txt
30623,,ASEGURADORA DE CRÉDITOS Y GARANTÍAS S.A.,G,21,TFN,EX-2021-73234871- -APN-SGASAD#TFN_COMPAÑIA_ARGENTINA_DE_GRANOS_S.A.-01.txt
30623,,ASEGURADORA DE CRÉDITOS Y GARANTÍAS S.A.,G,21,TFN,EX-2021-73234871- -APN-SGASAD#TFN_COMPAÑIA_ARGENTINA_DE_GRANOS_S.A.-02.txt
30623,,ASEGURADORA DE CRÉDITOS Y GARANTÍAS S.A.,G,21,TFN,EX-2021-80848471_VILUCO S.A_IF-2023-100262268-APN-VOCXVII%23TFN.txt
30623,,ASEGURADORA DE CRÉDITOS Y GARANTÍAS S.A.,G,21,TFN,EX-2021-93165229- -APN-SGASAD#TFN_SIN_CARATULA-01.txt
30623,,ASEGURADORA DE CRÉDITOS Y GARANTÍAS S.A.,G,21,TFN,EX-2021-94294692- -APN-SGAI#TFN_FIDEICOMISO_CLUB_OLIMPO-01.txt
30623,,ASEGURADORA DE CRÉDITOS Y GARANTÍAS S.A.,G,21,TFN,EX-2022-00396830--APN-SGASAD#TFN_ENRIQUE_ZENI_Y_COMPAÑÍA_S.A.C.I.A.F.E.I.-01.txt
30623,,ASEGURADORA DE CRÉDITOS Y GARANTÍAS S.A.,G,21,TFN,EX-2022-00396830--APNSGASAD#TFN_ENRIQUE_ZENI_Y_COMPAÑÍA_S.A.C.I.A.F.E.I.-01.txt
30623,,ASEGURADORA DE CRÉDITOS Y GARANTÍAS S.A.,G,21,TFN,EX-2022-00405009- -APN-SGASAD#TFNAPN-SGASAD#TFN_ENRIQUE_R_ZENI_Y_CIA_SACIAFEI-01.txt
30623,,ASEGURADORA DE CRÉDITOS Y GARANTÍAS S.A.,G,21,TFN,EX-2022-00405009- -APN-SGASAD#TFN_ENRIQUE_R_ZENI_Y_CIA_SACIAFEI-01.txt
30623,,ASEGURADORA DE CRÉDITOS Y GARANTÍAS S.A.,G,21,TFN,EX-2022-03250402- -APN-SGASAD#TFN) y su acum. “INDUSTRIAS METALÚRGICAS PESCARMONA SA(EX2022-12313385- -APN-SGASAD#TFN_AFIANZADORA_LATINOAMERICANA_COMPAÑIA_DE_SEGUROS_SA-01.txt
30623,,ASEGURADORA DE CRÉDITOS Y GARANTÍAS S.A.,G,21,TFN,EX-2022-03250402--APN-SGASAD#TFN y EX-202212313385--APN-SGASAD#TFN_AFIANZADORA_LATINOAMERICANA_COMPAÑIA_DE_SEGUROS_SA-01.txt
30623,,ASEGURADORA DE CRÉDITOS Y GARANTÍAS S.A.,G,21,TFN,EX-2022-100079623- -APN-SGASAD#TFN_ASOCIACIÓN_DE_COOPERATIVAS_ARGENTINAS_COOP._LTDA.-01.txt
30623,,ASEGURADORA DE CRÉDITOS Y GARANTÍAS S.A.,G,21,TFN,EX-2022-100079623- -APNSGASAD#TFN_ASOCIACIÓN_DE_COOPERATIVAS_ARGENTINAS_COOP._LTDA.-01.txt
30623,,ASEGURADORA DE CRÉDITOS Y GARANTÍAS S.A.,G,21,TFN,EX-2022-100093800-APN-SGASAD#TFN_EX-2022-100093800-APN-SGASAD#TFN_(ASOCIACION_DE_COOPERATIVAS-01.txt
30623,,ASEGURADORA DE CRÉDITOS Y GARANTÍAS S.A.,G,21,TFN,EX-2022-100093800-APN-SGASAD#TFN_EX-2022-100093800-APN-SGASAD#TFN_(ASOCIACION_DE_COOPERATIVAS-02.txt
30623,,ASEGURADORA DE CRÉDITOS Y GARANTÍAS S.A.,G,21,TFN,EX-2022-100172262- -APN-SGASAD#TFN_SIN_CARATULA-01.txt
30623,,ASEGURADORA DE CRÉDITOS Y GARANTÍAS S.A.,G,21,TFN,"EX-2022-100949825- -APN-SGAI#TFN_MENOR,_GONZALO_SERVANDO-01.txt"
30623,,ASEGURADORA DE CRÉDITOS Y GARANTÍAS S.A.,G,21,TFN,EX-2022-10172218- -APN-SGAI#TFN y sus acumulados EX-2022-10180872- -APN-SGAI#TFN_COTO_CENTRO_INTEGRAL_DE_COMERCIALIZACIÓN_S.A-01.txt
30623,,ASEGURADORA DE CRÉDITOS Y GARANTÍAS S.A.,G,21,TFN,EX-2022-10172218- -APN-SGAI#TFN y sus acumulados EX-2022-10180872- -APN-SGAI#TFN_COTO_CENTRO_INTEGRAL_DE_COMERCIALIZACIÓN_S.A-02.txt
30623,,ASEGURADORA DE CRÉDITOS Y GARANTÍAS S.A.,G,21,TFN,EX-2022-10172218- -APN-SGAI#TFN y sus acumulados EX-2022-10180872- -APN-SGAI#TFN_VOCX-02.txt
30623,,ASEGURADORA DE CRÉDITOS Y GARANTÍAS S.A.,G,21,TFN,EX-2022-10172218- -APN-SGAI#TFN y sus acumulados EX-2022-10180872- -APN-SGAI#TFN_VOCX-03.txt
30623,,ASEGURADORA DE CRÉDITOS Y GARANTÍAS S.A.,G,21,TFN,EX-2022-10172218--APN-SGAI#TFN_COMERCIALIZACIÓN_S.A.-04.txt
30623,,ASEGURADORA DE CRÉDITOS Y GARANTÍAS S.A.,G,21,TFN,EX-2022-10172218--APN-SGAI#TFN_COTO_CENTRO_INTEGRAL_DE_COMERCIALIZACIÓN_S.A-01.txt
30623,,ASEGURADORA DE CRÉDITOS Y GARANTÍAS S.A.,G,21,TFN,EX-2022-10172218-APN-SGAI#TFN_COTO_CENTRO_INTEGRAL_DE_COMERCIALIZACIÓN_S.A-01_copia.txt
30623,,ASEGURADORA DE CRÉDITOS Y GARANTÍAS S.A.,G,21,TFN,EX-2022-112197845- -APN-SGAI#TFN_GAGO_FERNANDO_RUBÉN-01.txt
30623,,ASEGURADORA DE CRÉDITOS Y GARANTÍAS S.A.,G,21,TFN,EX-2022-114093102- -APN-SGAI#TFN_GRABOIS_ANDRÉS-01.txt
30623,,ASEGURADORA DE CRÉDITOS Y GARANTÍAS S.A.,G,21,TFN,EX-2022-114495822- -APN-SGAI#TFN_INBER_S.R.L.-01.txt
30623,,ASEGURADORA DE CRÉDITOS Y GARANTÍAS S.A.,G,21,TFN,EX-2022-114495822- -APN-SGAI#TFN_INBER_S.R.L.-02.txt
30623,,ASEGURADORA DE CRÉDITOS Y GARANTÍAS S.A.,G,21,TFN,EX-2022-114495822- -APN-SGAI#TFN_INBER_S.R.L.-03.txt
30623,,ASEGURADORA DE CRÉDITOS Y GARANTÍAS S.A.,G,21,TFN,EX-2022-115759738- -APN-SGASAD#TFN_LINDAL_ARGENTINA_S.A.-01.txt
30623,,ASEGURADORA DE CRÉDITOS Y GARANTÍAS S.A.,G,21,TFN,EX-2022-115759738- -APNSGASAD#TFN_LINDAL_ARGENTINA_S.A.-01.txt
30623,,ASEGURADORA DE CRÉDITOS Y GARANTÍAS S.A.,G,21,TFN,EX-2022-117799347- -APN-SGASAD#TFN_EX-2022-117799347-_-APN-SGASAD#TFN_(“CRILEN_SA-01.txt
30623,,ASEGURADORA DE CRÉDITOS Y GARANTÍAS S.A.,G,21,TFN,EX-2022-118718355-APN- SGASAD#TFN_SIN_CARATULA-01.txt
30623,,ASEGURADORA DE CRÉDITOS Y GARANTÍAS S.A.,G,21,TFN,EX-2022-119451849- -APN-SGASAD#TFN_SIN_CARATULA-01.txt
30623,,ASEGURADORA DE CRÉDITOS Y GARANTÍAS S.A.,G,21,TFN,EX-2022-120571035-APN-SGASAD#TFN_EX-2022-120571035-_-APN-SGASAD#TFN_(“INDUSTRIAS_JOHN_DEERE_A-01.txt
30623,,ASEGURADORA DE CRÉDITOS Y GARANTÍAS S.A.,G,21,TFN,EX-2022-121517942- -APN-SGASAD#TFN_COMPAÑÍA_DE_SEGUROS_LA_MERCANTIL_ANDINA_S.A.-01.txt
30623,,ASEGURADORA DE CRÉDITOS Y GARANTÍAS S.A.,G,21,TFN,EX-2022-12274252--APN-SGAI#TFN_PAPEL_PRENSA_SAICF_Y_M-01.txt
30623,,ASEGURADORA DE CRÉDITOS Y GARANTÍAS S.A.,G,21,TFN,EX-2022-122773353- -APN-SGASAD#TFN_NEWSAN_S.A.-01_copia.txt
30623,,ASEGURADORA DE CRÉDITOS Y GARANTÍAS S.A.,G,21,TFN,EX-2022-123363466 -APN- SGASAD#TFN_SIN_CARATULA-01.txt
30623,,ASEGURADORA DE CRÉDITOS Y GARANTÍAS S.A.,G,21,TFN,EX-2022-123902023- -APN-SGAI#TFN (y su acumulado EX-2022123908248- -APN-SGAI#TFN_PELAEZ_SANTIAGO_OSCAR-01.txt
30623,,ASEGURADORA DE CRÉDITOS Y GARANTÍAS S.A.,G,21,TFN,EX-2022-123908248- -APN-SGAI#TFN - PELAEZ SANTIAGO OSCAR y EX-2022-123902023- APN-SGAI#TFN_PELAEZ_SANTIAGO_OSCAR-01.txt
30623,,ASEGURADORA DE CRÉDITOS Y GARANTÍAS S.A.,G,21,TFN,EX-2022-124051792-APN-SGASAD#TFN_copia.txt
30623,,ASEGURADORA DE CRÉDITOS Y GARANTÍAS S.A.,G,21,TFN,"EX-2022-124573962- -APN-SGASAD#TFN_PASCUZZO_DARIO_ROBERTO,-01.txt"
30623,,ASEGURADORA DE CRÉDITOS Y GARANTÍAS S.A.,G,21,TFN,EX-2022-124648568-APN-SGAI#TFN copia.txt
30623,,ASEGURADORA DE CRÉDITOS Y GARANTÍAS S.A.,G,21,TFN,EX-2022-124656721-APN-SGASAD#TFN_EX-2022-124656721-_-APN-SGASAD#TFN_(“INDUSTRIAS_JOHN_DEERE_A-01.txt
30623,,ASEGURADORA DE CRÉDITOS Y GARANTÍAS S.A.,G,21,TFN,"EX-2022-127550701- -APN-SGAI#TFN_BORRI,_EDUARDO_ALBERTO-01.txt"
30623,,ASEGURADORA DE CRÉDITOS Y GARANTÍAS S.A.,G,21,TFN,EX-2022-128952337-APN-SGAI#TFN_MEJALELATY_TEÓFILO-01.txt
30623,,ASEGURADORA DE CRÉDITOS Y GARANTÍAS S.A.,G,21,TFN,"EX-2022-133008137- -APN-SGASAD#TFN_EX-2022-133008137-_-APNSGASAD#TFN,_CARATULADO_“UNIÓN_AGRÍCOL-01_copia.txt"
30623,,ASEGURADORA DE CRÉDITOS Y GARANTÍAS S.A.,G,21,TFN,EX-2022-133239924 -APN-SGASAD#TFN_AMAGGI_ARGENTINA_S.A.-01.txt
30623,,ASEGURADORA DE CRÉDITOS Y GARANTÍAS S.A.,G,21,TFN,EX-2022-135116156- -APN-SGASAD#TFN_PRUDENCIA_COMPAÑÍA_ARGENTINA_DE_SEGUROS_GENERALES_S.A.-01.txt
30623,,ASEGURADORA DE CRÉDITOS Y GARANTÍAS S.A.,G,21,TFN,EX-2022-136539861- -APN-SGAI#TFN_CAVIGLIASSO_DANIEL_JORGE-01.txt
30623,,ASEGURADORA DE CRÉDITOS Y GARANTÍAS S.A.,G,21,TFN,EX-2022-14557266- -APN-SGAI#TFN_VICENTIN_SAIC-01.txt
30623,,ASEGURADORA DE CRÉDITOS Y GARANTÍAS S.A.,G,21,TFN,EX-2022-25383863 -APN-SGASAD#TFN_ARGENSUN_S.A.-01.txt
30623,,ASEGURADORA DE CRÉDITOS Y GARANTÍAS S.A.,G,21,TFN,EX-2022-25383863 -APN-SGASAD#TFN_ARGENSUN_S.A.-02.txt
30623,,ASEGURADORA DE CRÉDITOS Y GARANTÍAS S.A.,G,21,TFN,EX-2022-25471179- -APN-SGASAD#TFN_ARGENSUN_S.A.-01.txt
30623,,ASEGURADORA DE CRÉDITOS Y GARANTÍAS S.A.,G,21,TFN,EX-2022-25471179- -APN-SGASAD#TFN_ARGENSUN_S.A.-02.txt
30623,,ASEGURADORA DE CRÉDITOS Y GARANTÍAS S.A.,G,21,TFN,EX-2022-26188948- -APN-SGASAD#TFN_TECNOPESCA_ARGENTINA_S.A.-01.txt
30623,,ASEGURADORA DE CRÉDITOS Y GARANTÍAS S.A.,G,21,TFN,EX-2022-28023162- -APN-SGAI#TFN_MILIC_S.A.-01.txt
30623,,ASEGURADORA DE CRÉDITOS Y GARANTÍAS S.A.,G,21,TFN,EX-2022-33905449- -APN-SGASAD#TFN_BAYER_S.A.-01.txt
30623,,ASEGURADORA DE CRÉDITOS Y GARANTÍAS S.A.,G,21,TFN,EX-2022-35439311- -APN-SGASAD#TFN_NEWSAN_S.A.-01.txt
30623,,ASEGURADORA DE CRÉDITOS Y GARANTÍAS S.A.,G,21,TFN,EX-2022-38447870- -APN-SGASAD#TFN_FABRISUR_SA-01.txt
30623,,ASEGURADORA DE CRÉDITOS Y GARANTÍAS S.A.,G,21,TFN,EX-2022-39145167- -APN-SGASAD#TFN_VOLKSWAGEN_ARGENTINA_S.A.-01.txt
30623,,ASEGURADORA DE CRÉDITOS Y GARANTÍAS S.A.,G,21,TFN,EX-2022-39145167- -APN-SGASAD#TFN_VOLKSWAGEN_ARGENTINA_S.A.-02.txt
30623,,ASEGURADORA DE CRÉDITOS Y GARANTÍAS S.A.,G,21,TFN,"EX-2022-44837062- -APN-SGAI#TFN (y sus acumulados EX-2022-44842442- -APNSGAI#TFN y EX-2022-44847232- -APN-SGAI#TFN_SERRES,_PABLO_HERNÁN-02.txt"
30623,,ASEGURADORA DE CRÉDITOS Y GARANTÍAS S.A.,G,21,TFN,EX-2022-44837062- -APN-SGAI#TFN_EUROCOMUNICACIONES_S.A.-03.txt
30623,,ASEGURADORA DE CRÉDITOS Y GARANTÍAS S.A.,G,21,TFN,"EX-2022-44842442- -APN-SGAI#TFN, EX-2022-44847232- -APN-SGAI#TFN y EX-202244837062--APN-SGAI#TFN_EUROCOMUNICACIONES_S.A.-01.txt"
30623,,ASEGURADORA DE CRÉDITOS Y GARANTÍAS S.A.,G,21,TFN,EX-2022-46814661- -APN-SGASAD#TFN_FIANZAS_Y_CREDITO_SA_COMPAÑÍA_DE_SEGUROS-01.txt
30623,,ASEGURADORA DE CRÉDITOS Y GARANTÍAS S.A.,G,21,TFN,EX-2022-46814661- -APN-SGASAD#TFN_FIANZAS_Y_CREDITO_SA_COMPAÑÍA_DE_SEGUROS-02.txt
30623,,ASEGURADORA DE CRÉDITOS Y GARANTÍAS S.A.,G,21,TFN,EX-2022-46949972- -APNSGASAD#TFN_FIANZAS_Y_CRÉDITO_S.A._COMPAÑÍA_DE_SEGUROS_S.A.-01.txt
30623,,ASEGURADORA DE CRÉDITOS Y GARANTÍAS S.A.,G,21,TFN,EX-2022-60107418- -APN-SGASAD#TFN_RAIZEN_ARGENTINA_S.A.U.-01.txt
30623,,ASEGURADORA DE CRÉDITOS Y GARANTÍAS S.A.,G,21,TFN,EX-2022-71387564- -APNSGASAD#TFN_MERISANT_ARGENTINA_S.R.L.-01.txt
30623,,ASEGURADORA DE CRÉDITOS Y GARANTÍAS S.A.,G,21,TFN,EX-2022-71387564- -APNSGASAD#TFN_MERISANT_ARGENTINA_S.R.L.-02.txt
30623,,ASEGURADORA DE CRÉDITOS Y GARANTÍAS S.A.,G,21,TFN,EX-2022-76836603- -APN-SGAI#TFN_TEXTIEL_S.R.L.-01.txt
30623,,ASEGURADORA DE CRÉDITOS Y GARANTÍAS S.A.,G,21,TFN,EX-2022-76840743- -APN-SGAI#TFN -TEXTIEL S.R.L. (su inc)- EX-2022-86243778- APNTFN#MEC y EX-2022-76836603- -APN-SGAI#TFN_TEXTIEL_S.R.L.-01.txt
30623,,ASEGURADORA DE CRÉDITOS Y GARANTÍAS S.A.,G,21,TFN,EX-2022-79774378- -APN-SGASAD#TFN_ACERBRAG_S.A.-01.txt
30623,,ASEGURADORA DE CRÉDITOS Y GARANTÍAS S.A.,G,21,TFN,EX-2022-82060541- -APNSGAI#TFN_WRAY_PABLO_ANDRES-01.txt
30623,,ASEGURADORA DE CRÉDITOS Y GARANTÍAS S.A.,G,21,TFN,EX-2022-83558104- -APN-SGAI#TFN_LAS_CORTES_SRL-01.txt
30623,,ASEGURADORA DE CRÉDITOS Y GARANTÍAS S.A.,G,21,TFN,EX-2022-83558104-APN-SGAI#TFN_LAS_CORTES_SRL-01.txt
30623,,ASEGURADORA DE CRÉDITOS Y GARANTÍAS S.A.,G,21,TFN,EX-2022-85323825- -APN-SGASAD#TFN_ARGENSUN_S.A.-01.txt
30623,,ASEGURADORA DE CRÉDITOS Y GARANTÍAS S.A.,G,21,TFN,EX-2022-85338653- -APN-SGASAD#TFN_EX-2022-85338653-_-APN-SGASAD#TFN_(-01.txt
30623,,ASEGURADORA DE CRÉDITOS Y GARANTÍAS S.A.,G,21,TFN,EX-2022-85354116-APN-SGASAD#TFN_LIXIS_SA-01.txt
30623,,ASEGURADORA DE CRÉDITOS Y GARANTÍAS S.A.,G,21,TFN,EX-2022-86516438-APN-SGAI#TFN-VOCXII.txt
30623,,ASEGURADORA DE CRÉDITOS Y GARANTÍAS S.A.,G,21,TFN,"EX-2022-87315245- -APN-SGAI#TFN_MATTINA,_JUAN_CARLOS-01.txt"
30623,,ASEGURADORA DE CRÉDITOS Y GARANTÍAS S.A.,G,21,TFN,"EX-2022-87315245- -APN-SGAI#TFN_MATTINA,_JUAN_CARLOS-02.txt"
30623,,ASEGURADORA DE CRÉDITOS Y GARANTÍAS S.A.,G,21,TFN,EX-2022-87371220- -APN-SGAI#TFN_ESTUDIO_ARIAUDO_Y_ASOCIADOS_SRL-01.txt
30623,,ASEGURADORA DE CRÉDITOS Y GARANTÍAS S.A.,G,21,TFN,"EX-2022-87444131- -APN-SGAI#TFN_KORN,_CARLOS_ALBERTO-01.txt"
30623,,ASEGURADORA DE CRÉDITOS Y GARANTÍAS S.A.,G,21,TFN,EX-2022-90546892- -APN-SGASAD#TFN_RANIERI_ARGENTINA_S.A-01.txt
30623,,ASEGURADORA DE CRÉDITOS Y GARANTÍAS S.A.,G,21,TFN,"EX-2022-91712039- -APN-SGAI#TFN_NAVAJAS_NOSIGLIA,_VICTOR-01.txt"
30623,,ASEGURADORA DE CRÉDITOS Y GARANTÍAS S.A.,G,21,TFN,"EX-2022-91712039- -APN-SGAI#TFN_NAVAJAS_NOSIGLIA,_VICTOR-02.txt"
30623,,ASEGURADORA DE CRÉDITOS Y GARANTÍAS S.A.,G,21,TFN,"EX-2022-91712039- APN-SGAI#TFN_NAVAJAS_NOSIGLIA,_VICTOR-01.txt"
30623,,ASEGURADORA DE CRÉDITOS Y GARANTÍAS S.A.,G,21,TFN,EX-2022-91715270--APN-SGAI#TFN_CONSTRUCCIONES_ELECTROMECÁNICAS_DEL_OESTE_S.A.-01.txt
30623,,ASEGURADORA DE CRÉDITOS Y GARANTÍAS S.A.,G,21,TFN,EX-2022-91715270-APN-SGAI#TFN_CONSTRUCCIONES_ELECTROMECÁNICAS_DEL_OESTE_S.A.-01.txt
30623,,ASEGURADORA DE CRÉDITOS Y GARANTÍAS S.A.,G,21,TFN,"EX-2022-97402379- -APN-SGAI#TFN_MAIONCHI,_NORBERTO_FABIÁN-01.txt"
30623,,ASEGURADORA DE CRÉDITOS Y GARANTÍAS S.A.,G,21,TFN,"EX-2022-97410802- -APN-SGAI#TFN_MAIONCHI,_ESTELA_ADRIANA-01.txt"
30623,,ASEGURADORA DE CRÉDITOS Y GARANTÍAS S.A.,G,21,TFN,"EX-2022-97410802- -APN-SGAI#TFN_MAIONCHI,_ESTELA_ADRIANA-02.txt"
30623,,ASEGURADORA DE CRÉDITOS Y GARANTÍAS S.A.,G,21,TFN,"EX-2022-97410802- -APN-SGAI#TFN_MAIONCHI,_ESTELA_ADRIANA-03.txt"
30623,,ASEGURADORA DE CRÉDITOS Y GARANTÍAS S.A.,G,21,TFN,"EX-2022-97410802- -APNSGAI#TFN_MAIONCHI,_ESTELA_ADRIANA-01.txt"
30623,,ASEGURADORA DE CRÉDITOS Y GARANTÍAS S.A.,G,21,TFN,"EX-2022-97410802-1- -APN-SGAI#TFN_MAIONCHI,_ESTELA_ADRIANA-01.txt"
30623,,ASEGURADORA DE CRÉDITOS Y GARANTÍAS S.A.,G,21,TFN,EX-2022-99741394--APN-SGASAD#TFN_ASOCIACION_DE_COOPERATIVAS_ARGENTINAS_COOP_LTDA-01.txt
30623,,ASEGURADORA DE CRÉDITOS Y GARANTÍAS S.A.,G,21,TFN,EX-2022-99741394-APN-SGASAD#TFN_ASOCIACION_DE_COOPERATIVAS_ARGENTINAS_COOP_LTDA-01.txt
30623,,ASEGURADORA DE CRÉDITOS Y GARANTÍAS S.A.,G,21,TFN,EX-2022-99998176-APN-SGASAD#TFN_EX-2022-99998176-APN-SGASAD#TFN_(ASOCIACION_DE_COOPERATIVAS_-01.txt
30623,,ASEGURADORA DE CRÉDITOS Y GARANTÍAS S.A.,G,21,TFN,EX-2022-99998176-APN-SGASAD#TFN_EX-2022-99998176-APN-SGASAD#TFN_(ASOCIACION_DE_COOPERATIVAS_-02.txt
30623,,ASEGURADORA DE CRÉDITOS Y GARANTÍAS S.A.,G,21,TFN,EX-2023-00279907- -APN-SGASAD#TFN_ASEGURADORA_DE_CRÉDITOS_Y_GARANTÍAS_S.A.-01.txt
30623,,ASEGURADORA DE CRÉDITOS Y GARANTÍAS S.A.,G,21,TFN,EX-2023-00279907- -APN-SGASAD#TFN_EX-2023-00279907-_-APNSGASAD#TFN_(“ASEGURADORA_DE_CREDITOS_Y-02.txt
30623,,ASEGURADORA DE CRÉDITOS Y GARANTÍAS S.A.,G,21,TFN,EX-2023-00279907_TFN-01.txt
30623,,ASEGURADORA DE CRÉDITOS Y GARANTÍAS S.A.,G,21,TFN,EX-2023-00279907_TFN-02.txt
30623,,ASEGURADORA DE CRÉDITOS Y GARANTÍAS S.A.,G,21,TFN,EX-2023-08284181- -APN-SGAI#TFN y su acumulado EX-2023-08284378 -APN-SGAI#TFN_DAJIJ_S.A.-01.txt
30623,,ASEGURADORA DE CRÉDITOS Y GARANTÍAS S.A.,G,21,TFN,EX-2023-08284181- -APN-SGAI#TFN y su acumulado EX-2023-08284378 -APN-SGAI#TFN_DAJIJ_S.A.-03.txt
30623,,ASEGURADORA DE CRÉDITOS Y GARANTÍAS S.A.,G,21,TFN,EX-2023-08284181- -APN-SGAI#TFN_DAJIJ_S.A.-02.txt
30623,,ASEGURADORA DE CRÉDITOS Y GARANTÍAS S.A.,G,21,TFN,EX-2023-100916589- -APN-SGASAD#TFN_BOEHRINGER_INGELHEIM_S.A-01.txt
30623,,ASEGURADORA DE CRÉDITOS Y GARANTÍAS S.A.,G,21,TFN,EX-2023-100916589-APN-SGASAD#TFN_BOEHRINGER_INGELHEIM_S.A-02.txt
30623,,ASEGURADORA DE CRÉDITOS Y GARANTÍAS S.A.,G,21,TFN,EX-2023-100924412--APN-SGASAD#TFN_SIN_CARATULA-01.txt
30623,,ASEGURADORA DE CRÉDITOS Y GARANTÍAS S.A.,G,21,TFN,EX-2023-107846361-RAIZEN_ARGENTINA_SAU_copia.txt
30623,,ASEGURADORA DE CRÉDITOS Y GARANTÍAS S.A.,G,21,TFN,EX-2023-109936013- -APNSGAI#TFN_HÉCTOR_HERNÁN_CHIAPARA-01.txt
30623,,ASEGURADORA DE CRÉDITOS Y GARANTÍAS S.A.,G,21,TFN,EX-2023-109936013- -APNSGAI#TFN_HÉCTOR_HERNÁN_CHIAPARA-02.txt
30623,,ASEGURADORA DE CRÉDITOS Y GARANTÍAS S.A.,G,21,TFN,EX-2023-110074498- -APN-SGAI#TFN_MAHTUK_ANTONIO_OSCAR-01.txt
30623,,ASEGURADORA DE CRÉDITOS Y GARANTÍAS S.A.,G,21,TFN,EX-2023-110074498- -APNSGAI#TFN_MAHTUK_ANTONIO_OSCAR-01.txt
30623,,ASEGURADORA DE CRÉDITOS Y GARANTÍAS S.A.,G,21,TFN,EX-2023-111787880- -APN-SGAI#TFN_GRADUA_S.A-02.txt
30623,,ASEGURADORA DE CRÉDITOS Y GARANTÍAS S.A.,G,21,TFN,EX-2023-111787880- -APN-SGAI#TFN_GRADUA_S.A.-01.txt
30623,,ASEGURADORA DE CRÉDITOS Y GARANTÍAS S.A.,G,21,TFN,EX-2023-112106452-APN-SGASAD#TFN_BODEGAS_ESMERALDA_S.A-01.txt
30623,,ASEGURADORA DE CRÉDITOS Y GARANTÍAS S.A.,G,21,TFN,EX-2023-112111695- -APN-SGASAD#TFN_SIN_CARATULA-01.txt
30623,,ASEGURADORA DE CRÉDITOS Y GARANTÍAS S.A.,G,21,TFN,EX-2023-112178331- -APN-SGASAD#TFN_SADESA_S.A.-01.txt
30623,,ASEGURADORA DE CRÉDITOS Y GARANTÍAS S.A.,G,21,TFN,EX-2023-112189308-APN-SGASAD#TFN_SADESA_S.A.-01.txt
30623,,ASEGURADORA DE CRÉDITOS Y GARANTÍAS S.A.,G,21,TFN,EX-2023-112189308-APN-SGASAD#TFN_SADESA_S.A.-02.txt
30623,,ASEGURADORA DE CRÉDITOS Y GARANTÍAS S.A.,G,21,TFN,EX-2023-112262880-APN-SGASAD#TFN_BODEGAS_ESMERALDA_S.A.-01.txt
30623,,ASEGURADORA DE CRÉDITOS Y GARANTÍAS S.A.,G,21,TFN,EX-2023-112406884-APN-SGASAD#TFN_BODEGAS_ESMERALDA_S.A-01.txt
30623,,ASEGURADORA DE CRÉDITOS Y GARANTÍAS S.A.,G,21,TFN,EX-2023-112415192- -APN-SGASAD#TFN_SIN_CARATULA-01.txt
30623,,ASEGURADORA DE CRÉDITOS Y GARANTÍAS S.A.,G,21,TFN,EX-2023-112535341-APN-SGASAD#TFN_BODEGAS_ESMERALDA_S.A-01.txt
30623,,ASEGURADORA DE CRÉDITOS Y GARANTÍAS S.A.,G,21,TFN,EX-2023-112677841- -APN-SGASAD#TFN_SIN_CARATULA-01.txt
30623,,ASEGURADORA DE CRÉDITOS Y GARANTÍAS S.A.,G,21,TFN,EX-2023-113839017-APN-SGASAD#TFN_BODEGAS_ESMERALDA_S.A-01.txt
30623,,ASEGURADORA DE CRÉDITOS Y GARANTÍAS S.A.,G,21,TFN,EX-2023-114060737-APN-SGASAD#TFN_BODEGAS_ESMERALDA_S.A.-01.txt
30623,,ASEGURADORA DE CRÉDITOS Y GARANTÍAS S.A.,G,21,TFN,EX-2023-114545582-APN-SGASAD#TFN_CORREO_OFICIAL_DE_LA_REPUBLICA_ARGENTINA_S.A.-01.txt
30623,,ASEGURADORA DE CRÉDITOS Y GARANTÍAS S.A.,G,21,TFN,EX-2023-114820159- -APN-SGASAD#TFN_EXTRABERRIES_S.A.-01.txt
30623,,ASEGURADORA DE CRÉDITOS Y GARANTÍAS S.A.,G,21,TFN,EX-2023-117535511- -APN-SGASAD#TFN_EX-2023-117535511-_-APN-SGASAD#TFN_(EXTRABERRIES_S.A.)_EL_DR-01.txt
30623,,ASEGURADORA DE CRÉDITOS Y GARANTÍAS S.A.,G,21,TFN,EX-2023-117535511-APN-SGASAD#TFN_EX-2023-117535511-_-APN-SGASAD#TFN_(EXTRABERRIES_S.A.)_EL_DR-02.txt
30623,,ASEGURADORA DE CRÉDITOS Y GARANTÍAS S.A.,G,21,TFN,EX-2023-117535511-APN-SGASAD#TFN_EXTRABERRIES_SA-03.txt
30623,,ASEGURADORA DE CRÉDITOS Y GARANTÍAS S.A.,G,21,TFN,EX-2023-11759478- -APN-SGASAD#TFN_SENTENCIA-01.txt
30623,,ASEGURADORA DE CRÉDITOS Y GARANTÍAS S.A.,G,21,TFN,EX-2023-117885063-APN-SGAI#TFN_NUCETE_RAFAEL_MANUEL-01.txt
30623,,ASEGURADORA DE CRÉDITOS Y GARANTÍAS S.A.,G,21,TFN,EX-2023-11806706- -APN-SGAI#TFN_LAPIDUS_LUIS_JAIME-01.txt
30623,,ASEGURADORA DE CRÉDITOS Y GARANTÍAS S.A.,G,21,TFN,EX-2023-119326843- -APN-SGASAD#TFN_MOLFINO_HERMANOS_S.A.-01.txt
30623,,ASEGURADORA DE CRÉDITOS Y GARANTÍAS S.A.,G,21,TFN,"EX-2023-119389257-APN-VOCII#TFN_FERNANDEZ,_MIGUEL_ANGEL-01.txt"
30623,,ASEGURADORA DE CRÉDITOS Y GARANTÍAS S.A.,G,21,TFN,EX-2023-119431690- -APN-SGASAD#TFN_ASEGURADORA_DE_CRÉDITOS_Y_GARANTÍAS_S.A.-01.txt
30623,,ASEGURADORA DE CRÉDITOS Y GARANTÍAS S.A.,G,21,TFN,EX-2023-119431690- -APNSGASAD#TFN_ASEGURADORA_DE_CRÉDITOS_Y_GARANTÍAS_S.A.-01.txt
30623,,ASEGURADORA DE CRÉDITOS Y GARANTÍAS S.A.,G,21,TFN,EX-2023-121147532- -APN-SGAI#TFN_AÑON_CARLOS_ANDRES-01.txt
30623,,ASEGURADORA DE CRÉDITOS Y GARANTÍAS S.A.,G,21,TFN,EX-2023-12304739-APN-SGASAD#TFN_CLOROX_ARGENTINA_S.A.-01.txt
30623,,ASEGURADORA DE CRÉDITOS Y GARANTÍAS S.A.,G,21,TFN,EX-2023-124732797- -APN-SGAI#TFN_TRANSPORTE_M._Y_S._SOC._LEY_19950_CAP_I_SEC_IV_(INICIADO_POR-01.txt
30623,,ASEGURADORA DE CRÉDITOS Y GARANTÍAS S.A.,G,21,TFN,EX-2023-124732797- -APN-SGAI#TFN_TRANSPORTE_M._Y_S._SOC._LEY_19950_CAP_I_SEC_IV_(INICIADO_POR-02.txt
30623,,ASEGURADORA DE CRÉDITOS Y GARANTÍAS S.A.,G,21,TFN,EX-2023-12827726-APN-SGASAD#TFN_ASEGURADORA_DE_CREDITOS_Y_GARANTIAS-01.txt
30623,,ASEGURADORA DE CRÉDITOS Y GARANTÍAS S.A.,G,21,TFN,EX-2023-12827726-APN-SGASAD#TFN_ASEGURADORA_DE_CREDITOS_Y_GARANTIAS-02.txt
30623,,ASEGURADORA DE CRÉDITOS Y GARANTÍAS S.A.,G,21,TFN,EX-2023-12836880- -APN-SGAI#TFN-APN-SGAI#TFN_FIDEICOMISO_LUIS_MARÍA_CAMPOS_1126-01.txt
30623,,ASEGURADORA DE CRÉDITOS Y GARANTÍAS S.A.,G,21,TFN,EX-2023-130332779-APN-VOCIII#TFN_SIDERAR_S.A.I.C.-01.txt
30623,,ASEGURADORA DE CRÉDITOS Y GARANTÍAS S.A.,G,21,TFN,EX-2023-131259324-APN-VOCII#TFN_ASOCIACION_BIOQUIMICA_DE_SALTA-01.txt
30623,,ASEGURADORA DE CRÉDITOS Y GARANTÍAS S.A.,G,21,TFN,EX-2023-131352575-APN-SGASAD#TFN_EX-2023-131352575-APN-SGASAD#TFN_(CLOROX_ARGENTINA_SA)_EL_DR-01.txt
30623,,ASEGURADORA DE CRÉDITOS Y GARANTÍAS S.A.,G,21,TFN,EX-2023-132997923-APN-SGASAD#TFN_LDC_ARGENTINA_S.A.-01.txt
30623,,ASEGURADORA DE CRÉDITOS Y GARANTÍAS S.A.,G,21,TFN,EX-2023-133000286- -APN-SGASAD#TFN_EX-2023-133000286-_-APN-SGASAD#TFN_(“LDC_ARGENTINA_SA-01.txt
30623,,ASEGURADORA DE CRÉDITOS Y GARANTÍAS S.A.,G,21,TFN,EX-2023-133431211- -APN-SGAI#TFN_VIDAL_IGNACIO-01.txt
30623,,ASEGURADORA DE CRÉDITOS Y GARANTÍAS S.A.,G,21,TFN,EX-2023-13542095- -APN-SGAI#TFN_INTERBAS_S.A.-01.txt
30623,,ASEGURADORA DE CRÉDITOS Y GARANTÍAS S.A.,G,21,TFN,EX-2023-136473188- -APN-SGASAD#TFN_EX-2023-140070092-_-APN-SGASAD#TFN_(“EARLY_CROP_SA-01.txt
30623,,ASEGURADORA DE CRÉDITOS Y GARANTÍAS S.A.,G,21,TFN,EX-2023-136490258-APN-SGASAD#TFN_SYNGENTA_AGROS_S.A-01.txt
30623,,ASEGURADORA DE CRÉDITOS Y GARANTÍAS S.A.,G,21,TFN,EX-2023-138241224- -APN-SGASAD#TFN_AGENCIA_MARÍTIMA_BONMAR_S.R.L.-01.txt
30623,,ASEGURADORA DE CRÉDITOS Y GARANTÍAS S.A.,G,21,TFN,EX-2023-138241224- -APNSGASAD#TFN_AGENCIA_MARÍTIMA_BONMAR_S.R.L.-02.txt
30623,,ASEGURADORA DE CRÉDITOS Y GARANTÍAS S.A.,G,21,TFN,EX-2023-138542079-APN-SGASAD#TFN_LDC_ARGENTINA_SA-01.txt
30623,,ASEGURADORA DE CRÉDITOS Y GARANTÍAS S.A.,G,21,TFN,EX-2023-138964612- -APN-SGAI#TFN_BIOCORBA_S.A.-01.txt
30623,,ASEGURADORA DE CRÉDITOS Y GARANTÍAS S.A.,G,21,TFN,EX-2023-138964612- -APN-SGAI#TFN_BIOCORBA_S.A.-02.txt
30623,,ASEGURADORA DE CRÉDITOS Y GARANTÍAS S.A.,G,21,TFN,EX-2023-140052626-APN-SGASAD#TFN_EARLY_CROP_S.A.-01.txt
30623,,ASEGURADORA DE CRÉDITOS Y GARANTÍAS S.A.,G,21,TFN,EX-2023-140087631- -APN-SGASAD#TFN_EARLY_CROP_S.A.-01.txt
30623,,ASEGURADORA DE CRÉDITOS Y GARANTÍAS S.A.,G,21,TFN,EX-2023-140767380-APN-SGASAD#TFN_RAFAELA_ALIMENTOS_S.A-01.txt
30623,,ASEGURADORA DE CRÉDITOS Y GARANTÍAS S.A.,G,21,TFN,EX-2023-140779023- -APN-SGASAD#TFN_EX-2023-140779023-_-APN-SGASAD#TFN_(“RAFAELA_ALIMENTOS_SA-01.txt
30623,,ASEGURADORA DE CRÉDITOS Y GARANTÍAS S.A.,G,21,TFN,EX-2023-140801259- -APN-SGASAD#TFN_RAFAELA_ALIMENTOS_S.A.-01.txt
30623,,ASEGURADORA DE CRÉDITOS Y GARANTÍAS S.A.,G,21,TFN,EX-2023-140874970- -APN-SGASAD#TFN_RAFAELA_ALIMENTOS_S.A.-01.txt
30623,,ASEGURADORA DE CRÉDITOS Y GARANTÍAS S.A.,G,21,TFN,EX-2023-140911036- -APN-SGASAD#TFN_RAFAELA_ALIMENTOS_S.A.-01.txt
30623,,ASEGURADORA DE CRÉDITOS Y GARANTÍAS S.A.,G,21,TFN,EX-2023-140915932- -APN-SGASAD#TFN_EX-2023-140915932-_-APN-SGASAD#TFN_(“RAFAELA_ALIMENTOS_SA-01.txt
30623,,ASEGURADORA DE CRÉDITOS Y GARANTÍAS S.A.,G,21,TFN,EX-2023-140955831- -APN-SGASAD#TFN_SIN_CARATULA-01.txt
30623,,ASEGURADORA DE CRÉDITOS Y GARANTÍAS S.A.,G,21,TFN,EX-2023-142105818-APN-VOCII#TFN_JUAN_CARLOS_MARICH-01.txt
30623,,ASEGURADORA DE CRÉDITOS Y GARANTÍAS S.A.,G,21,TFN,EX-2023-146734112-APN-SGASAD#TFN_NESTLÉ_ARGENTINA_S.A.-01.txt
30623,,ASEGURADORA DE CRÉDITOS Y GARANTÍAS S.A.,G,21,TFN,EX-2023-146734919- -APN-SGASAD#TFN_SIN_CARATULA-01.txt
30623,,ASEGURADORA DE CRÉDITOS Y GARANTÍAS S.A.,G,21,TFN,EX-2023-147334960- -APN-SGASAD#TFN_MOLFINO_HERMANOS_S.A.-01.txt
30623,,ASEGURADORA DE CRÉDITOS Y GARANTÍAS S.A.,G,21,TFN,"EX-2023-14780506- -APN-SGAI#TFN_GUERRINI,_EDGARDO_HUGO-01.txt"
30623,,ASEGURADORA DE CRÉDITOS Y GARANTÍAS S.A.,G,21,TFN,EX-2023-148344412- -APN-SGASAD#TFN_MOLFINO_HERMANOS_S.A.-01.txt
30623,,ASEGURADORA DE CRÉDITOS Y GARANTÍAS S.A.,G,21,TFN,EX-2023-149240354-APN-SGASAD#TFN_BAYER_S.A-01.txt
30623,,ASEGURADORA DE CRÉDITOS Y GARANTÍAS S.A.,G,21,TFN,EX-2023-149249881- -APN-SGASAD#TFN_EX-2023-149249881-_-APN-SGASAD#TFN_(“BAYER_SA-01.txt
30623,,ASEGURADORA DE CRÉDITOS Y GARANTÍAS S.A.,G,21,TFN,EX-2023-149658372- -APN-SGASAD#TFN_EX-2023-149658372-_-APN-SGASAD#TFN_(“NESTLE_ARGENTINA_SA-01.txt
30623,,ASEGURADORA DE CRÉDITOS Y GARANTÍAS S.A.,G,21,TFN,EX-2023-149658663- -APN-SGASAD#TFN_SIN_CARATULA-01.txt
30623,,ASEGURADORA DE CRÉDITOS Y GARANTÍAS S.A.,G,21,TFN,EX-2023-149658917- -APN-SGASAD#TFN_NESTLÉ_ARGENTINA_S.A.-01.txt
30623,,ASEGURADORA DE CRÉDITOS Y GARANTÍAS S.A.,G,21,TFN,EX-2023-15082537-APN-SGASAD#TFN_COMPAÑÍA_DE_BARCOS_SA-01.txt
30623,,ASEGURADORA DE CRÉDITOS Y GARANTÍAS S.A.,G,21,TFN,EX-2023-154272039- -APN-SGASAD#TFN_EX-2023-154272039-_-APN-SGASAD#TFN_(“REFINERIA_DEL_NORTE_SA-01.txt
30623,,ASEGURADORA DE CRÉDITOS Y GARANTÍAS S.A.,G,21,TFN,EX-2023-15481439-APN-SGASAD#TFN_REGULACIÓN_DE_HONORARIOS-01.txt
30623,,ASEGURADORA DE CRÉDITOS Y GARANTÍAS S.A.,G,21,TFN,EX-2023-15481439-APN-SGASAD#TFN_REGULACIÓN_DE_HONORARIOS-02.txt
30623,,ASEGURADORA DE CRÉDITOS Y GARANTÍAS S.A.,G,21,TFN,EX-2023-16375155- -APN-SGASAD#TFN_EX-2023-16375155-_-APN-SGASAD#TFN_“(ARGENSUN_SA-01.txt
30623,,ASEGURADORA DE CRÉDITOS Y GARANTÍAS S.A.,G,21,TFN,EX-2023-17414515- -APNSGASAD#TFN_INDUSTRIAS_METALÚRGICAS_PESCARMONA_S.A.-01.txt
30623,,ASEGURADORA DE CRÉDITOS Y GARANTÍAS S.A.,G,21,TFN,EX-2023-17414515--APN-SGASAD#TFN_INDUSTRIAS_METALÚRGICAS_PESCARMONA_S.A.-01.txt
30623,,ASEGURADORA DE CRÉDITOS Y GARANTÍAS S.A.,G,21,TFN,EX-2023-17492175- -APN-SGASAD#TFN_EX-2023-17492175-_-APN-SGASAD#TFN_(EXTRABERRIES_SA)_EL_DR._C-01.txt
30623,,ASEGURADORA DE CRÉDITOS Y GARANTÍAS S.A.,G,21,TFN,EX-2023-17492175-APN-SGASAD#TFN_EX-2023-17492175-_-APN-SGASAD#TFN_(EXTRABERRIES_SA)_EL_DR._C-01.txt
30623,,ASEGURADORA DE CRÉDITOS Y GARANTÍAS S.A.,G,21,TFN,EX-2023-17492175-APN-SGASAD#TFN_EX-2023-17492175-_-APN-SGASAD#TFN_(EXTRABERRIES_SA)_EL_DR._C-02.txt
30623,,ASEGURADORA DE CRÉDITOS Y GARANTÍAS S.A.,G,21,TFN,EX-2023-17600997--APN-SGASAD#TFN_SIN_CARATULA-01.txt
30623,,ASEGURADORA DE CRÉDITOS Y GARANTÍAS S.A.,G,21,TFN,EX-2023-17600997--APN-SGASAD#TFN_SIN_CARATULA-02.txt
30623,,ASEGURADORA DE CRÉDITOS Y GARANTÍAS S.A.,G,21,TFN,EX-2023-18479712- -APN-SGASAD#TFN_EXTRABERRIES_SA-01.txt
30623,,ASEGURADORA DE CRÉDITOS Y GARANTÍAS S.A.,G,21,TFN,EX-2023-18479712-APN-SGASAD#TFN_EXTRABERRIES_SA-01.txt
30623,,ASEGURADORA DE CRÉDITOS Y GARANTÍAS S.A.,G,21,TFN,EX-2023-18551390- -APN-SGAI#TFN_ADM_AGRO_SA-01.txt
30623,,ASEGURADORA DE CRÉDITOS Y GARANTÍAS S.A.,G,21,TFN,EX-2023-19976925- -APN-SGAI#TFN_PALERMO_NORMA_DELFINA-01.txt
30623,,ASEGURADORA DE CRÉDITOS Y GARANTÍAS S.A.,G,21,TFN,EX-2023-22083314--APN-SGASAD#TFN_SIN_CARATULA-01.txt
30623,,ASEGURADORA DE CRÉDITOS Y GARANTÍAS S.A.,G,21,TFN,"EX-2023-22777062- -APN-SGASAD#TFN_OLEAGINOSA_MORENO_HNOS._S.A.C.I.F._Y_A.,_ACTUALMENTE_VITERRA-01.txt"
30623,,ASEGURADORA DE CRÉDITOS Y GARANTÍAS S.A.,G,21,TFN,EX-2023-23466471--APN-SGAI#TFN_ROCHIETTA_JUAN_LUIS-01.txt
30623,,ASEGURADORA DE CRÉDITOS Y GARANTÍAS S.A.,G,21,TFN,EX-2023-23921817-APN-SGAI#TFN_PASTEKO_S.A-01.txt
30623,,ASEGURADORA DE CRÉDITOS Y GARANTÍAS S.A.,G,21,TFN,EX-2023-23922753- -APN-SGAI#TFN_STEPAKO_S.A.-01.txt
30623,,ASEGURADORA DE CRÉDITOS Y GARANTÍAS S.A.,G,21,TFN,EX-2023-25078180-APN-SGASAD#TFN_VITERRA_ARGENTINA_S.A.-01.txt
30623,,ASEGURADORA DE CRÉDITOS Y GARANTÍAS S.A.,G,21,TFN,EX-2023-25104194- -APN-SGASAD#TFN_VITERRA_ARGENTINA_S.A.-01.txt
30623,,ASEGURADORA DE CRÉDITOS Y GARANTÍAS S.A.,G,21,TFN,EX-2023-25140822-APN-SGASAD#TFN_VITERRA_ARGENTINA_S.A.-01.txt
30623,,ASEGURADORA DE CRÉDITOS Y GARANTÍAS S.A.,G,21,TFN,EX-2023-25146995-APN-SGASAD#TFN_VITERRA_ARGENTINA_S.A.-01_copia.txt
30623,,ASEGURADORA DE CRÉDITOS Y GARANTÍAS S.A.,G,21,TFN,EX-2023-26520496- -APN-SGASAD#TFN_VILUCO_S.A.-01.txt
30623,,ASEGURADORA DE CRÉDITOS Y GARANTÍAS S.A.,G,21,TFN,EX-2023-26663614- -APN-SGASAD#TFN_VITERRA_ARGENTINA_S.A.-01.txt
30623,,ASEGURADORA DE CRÉDITOS Y GARANTÍAS S.A.,G,21,TFN,EX-2023-26675211-APNSGASAD#TFN_VITERRA_ARGENTINA_S.A.-01.txt
30623,,ASEGURADORA DE CRÉDITOS Y GARANTÍAS S.A.,G,21,TFN,EX-2023-35308801- -APN-SGAI#TFN_CAPANO_MARIA_DEL_CARMEN-01.txt
30623,,ASEGURADORA DE CRÉDITOS Y GARANTÍAS S.A.,G,21,TFN,EX-2023-35308801- -APN-SGAI#TFN_CAPANO_MARIA_DEL_CARMEN-02.txt
30623,,ASEGURADORA DE CRÉDITOS Y GARANTÍAS S.A.,G,21,TFN,EX-2023-36606041- -APN-SGASAD#TFN_EX-2023-36606041-_-APN-SGASAD#TFN_(-01.txt
30623,,ASEGURADORA DE CRÉDITOS Y GARANTÍAS S.A.,G,21,TFN,EX-2023-37816298- -APN-SGAI#TFN_GARCIA_PAREJA_CARLOS_ALBERTO_FERNANDO-01.txt
30623,,ASEGURADORA DE CRÉDITOS Y GARANTÍAS S.A.,G,21,TFN,EX-2023-37816298- -APN-SGAI#TFN_GARCIA_PAREJA_CARLOS_ALBERTO_FERNANDO-02.txt
30623,,ASEGURADORA DE CRÉDITOS Y GARANTÍAS S.A.,G,21,TFN,EX-2023-38534569--APN-SGASAD#TFN_AGFA_GEVAERT_ARGENTINA_SA-01.txt
30623,,ASEGURADORA DE CRÉDITOS Y GARANTÍAS S.A.,G,21,TFN,EX-2023-38534569--APN-SGASAD#TFN_AGFA_GEVAERT_ARGENTINA_SA-02.txt
30623,,ASEGURADORA DE CRÉDITOS Y GARANTÍAS S.A.,G,21,TFN,EX-2023-43542130-APN-SGASAD#TFN_MIQUEL_Y_COSTAS_ARGENTINA_S.A.-01.txt
30623,,ASEGURADORA DE CRÉDITOS Y GARANTÍAS S.A.,G,21,TFN,EX-2023-47692794- -APN-SGASAD#TFN_LDC_ARGENTINA_S.A.-01.txt
30623,,ASEGURADORA DE CRÉDITOS Y GARANTÍAS S.A.,G,21,TFN,EX-2023-47783644-APN-SGASAD#TFN_EXTRABERRIES_SA-01.txt
30623,,ASEGURADORA DE CRÉDITOS Y GARANTÍAS S.A.,G,21,TFN,EX-2023-47783644-APN-SGASAD#TFN_EXTRABERRIES_SA-02.txt
30623,,ASEGURADORA DE CRÉDITOS Y GARANTÍAS S.A.,G,21,TFN,EX-2023-51647450-APN-SGAI#TFN_DIRECTO_TRADE_S.A.-01.txt
30623,,ASEGURADORA DE CRÉDITOS Y GARANTÍAS S.A.,G,21,TFN,EX-2023-55609518- -APN-SGAI#TFN_4_CONSTRUCCIONES_S.A-01.txt
30623,,ASEGURADORA DE CRÉDITOS Y GARANTÍAS S.A.,G,21,TFN,EX-2023-62902865- -APN-SGASAD#TFN_GEMINELLI_S.A.-01.txt
30623,,ASEGURADORA DE CRÉDITOS Y GARANTÍAS S.A.,G,21,TFN,EX-2023-62902865- -APNSGASAD#TFN_GEMINELLI_S.A.-01.txt
30623,,ASEGURADORA DE CRÉDITOS Y GARANTÍAS S.A.,G,21,TFN,EX-2023-66131381- -APN-SGASAD#TFN_SIN_CARATULA-01.txt
30623,,ASEGURADORA DE CRÉDITOS Y GARANTÍAS S.A.,G,21,TFN,EX-2023-66773690- -APN-SGAI#TFN_TERRANOVA_EDUARDO-01.txt
30623,,ASEGURADORA DE CRÉDITOS Y GARANTÍAS S.A.,G,21,TFN,EX-2023-66773690- -APN-SGAI#TFN_TERRANOVA_EDUARDO-02.txt
30623,,ASEGURADORA DE CRÉDITOS Y GARANTÍAS S.A.,G,21,TFN,EX-2023-66773690- -APNSGAI#TFN_TERRANOVA_EDUARDO-03.txt
30623,,ASEGURADORA DE CRÉDITOS Y GARANTÍAS S.A.,G,21,TFN,EX-2023-67287009-APN-SGASAD#TFN.txt
30623,,ASEGURADORA DE CRÉDITOS Y GARANTÍAS S.A.,G,21,TFN,EX-2023-77967376- -APN-SGASAD#TFN_SIN_CARATULA-01.txt
30623,,ASEGURADORA DE CRÉDITOS Y GARANTÍAS S.A.,G,21,TFN,EX-2023-78830220-APN-SGASAD#TFN_EX-2023-78830220-_-APN-SGASAD#TFN_(“GREEN_GLOBE_OVERSEAS_S.R-01.txt
30623,,ASEGURADORA DE CRÉDITOS Y GARANTÍAS S.A.,G,21,TFN,EX-2023-87546553- -APN-SGAI#TFN_GOITIA_JORGE_ALBERTO-01.txt
30623,,ASEGURADORA DE CRÉDITOS Y GARANTÍAS S.A.,G,21,TFN,EX-2023-87555916- -APN-SGAI#TFN_GOITIA_MARÍA_FLORENCIA-01.txt
30623,,ASEGURADORA DE CRÉDITOS Y GARANTÍAS S.A.,G,21,TFN,EX-2023-88515489-APN-SGAI#TFN_NAVILLI_CARLOS_ADRIANO-01.txt
30623,,ASEGURADORA DE CRÉDITOS Y GARANTÍAS S.A.,G,21,TFN,"EX-2023-89479327- -APN-SGAI#TFN_BLANCO,_JORGE_LUIS-01.txt"
30623,,ASEGURADORA DE CRÉDITOS Y GARANTÍAS S.A.,G,21,TFN,"EX-2023-89479327--APN-SGAI#TFN_BLANCO,_JORGE_LUIS-01.txt"
30623,,ASEGURADORA DE CRÉDITOS Y GARANTÍAS S.A.,G,21,TFN,EX-2023-89480397- -APN-SGAI#TFN_SUMMA_LEONARDO_RAFAEL-01.txt
30623,,ASEGURADORA DE CRÉDITOS Y GARANTÍAS S.A.,G,21,TFN,EX-2023-89480397- -APN-SGAI#TFN_SUMMA_LEONARDO_RAFAEL-02.txt
30623,,ASEGURADORA DE CRÉDITOS Y GARANTÍAS S.A.,G,21,TFN,EX-2023-89480397- -APNSGAI#TFN_SUMMA_LEONARDO_RAFAEL-01.txt
30623,,ASEGURADORA DE CRÉDITOS Y GARANTÍAS S.A.,G,21,TFN,EX-2023-89480520- -APN-SGAI#TFN al EX-2023-89480397- -APNSGAI#TFN_SUMMA_LEONARDO_RAFAEL-01.txt
30623,,ASEGURADORA DE CRÉDITOS Y GARANTÍAS S.A.,G,21,TFN,EX-2023-89480653- -APN-SGAI#TFN (6ta) al EX-2023-89480397- APN-SGAI#TFN_SUMMA_LEONARDO_RAFAEL-01.txt
30623,,ASEGURADORA DE CRÉDITOS Y GARANTÍAS S.A.,G,21,TFN,EX-2023-92031424- -APN-SGAI#TFN_ESTOFAN_JOSÉ_MARÍA-01.txt
30623,,ASEGURADORA DE CRÉDITOS Y GARANTÍAS S.A.,G,21,TFN,EX-2023-92031424- -APN-SGAI#TFN_ESTOFAN_JOSÉ_MARÍA-02.txt
30623,,ASEGURADORA DE CRÉDITOS Y GARANTÍAS S.A.,G,21,TFN,EX-2023-92031424- -APNSGAI#TFN_ESTOFAN_JOSÉ_MARÍA-01.txt
30623,,ASEGURADORA DE CRÉDITOS Y GARANTÍAS S.A.,G,21,TFN,EX-2023-93727694- -APN-SGASAD#TFN_COMPAÑÍA_ARGENTINA_DE_GRANOS_S.A.-01.txt
30623,,ASEGURADORA DE CRÉDITOS Y GARANTÍAS S.A.,G,21,TFN,EX-2023-93727694- -APNSGASAD#TFN_COMPAÑÍA_ARGENTINA_DE_GRANOS_S.A.-01.txt
30623,,ASEGURADORA DE CRÉDITOS Y GARANTÍAS S.A.,G,21,TFN,EX-2023-96397821-APN-VOCII#TFN_CASILLO_RICARDO_EMILIO-01.txt
30623,,ASEGURADORA DE CRÉDITOS Y GARANTÍAS S.A.,G,21,TFN,EX-2023-96687612- -APN-SGAI#TFN_CIVIERO_GRACIELA_ALICIA-01.txt
30623,,ASEGURADORA DE CRÉDITOS Y GARANTÍAS S.A.,G,21,TFN,EX-2023-99563951-APN-SGASAD#TFN_BOEHRINGER_INGELHEIM_S.A.-01.txt
30623,,ASEGURADORA DE CRÉDITOS Y GARANTÍAS S.A.,G,21,TFN,EX-2023-99563951-APN-SGASAD#TFN_BOEHRINGER_INGELHEIM_S.A.-02.txt
30623,,ASEGURADORA DE CRÉDITOS Y GARANTÍAS S.A.,G,21,TFN,EX-2024-102949940--APN-SGASAD#TFN_SIN_CARATULA-01.txt
30623,,ASEGURADORA DE CRÉDITOS Y GARANTÍAS S.A.,G,21,TFN,EX-2024-111115509-APN-VOCXVI#TFN_MAGNETI_MARELLI_CONJUNTOS_DE_ESCAPE_SA--02.txt
30623,,ASEGURADORA DE CRÉDITOS Y GARANTÍAS S.A.,G,21,TFN,EX-2024-111115791-APN-VOCXVI#TFN_ASSEKURANSA_CPÍA._DE_SEGUROS_S.A._--03.txt
30623,,ASEGURADORA DE CRÉDITOS Y GARANTÍAS S.A.,G,21,TFN,EX-2024-17763971--APN-SGASAD#TFN_SIN_CARATULA-01.txt
30623,,ASEGURADORA DE CRÉDITOS Y GARANTÍAS S.A.,G,21,TFN,EX-2024-17805041-APN-SGASAD#TFN_ACEITERA_GENERAL_DEHEZA_S.A-01.txt
30623,,ASEGURADORA DE CRÉDITOS Y GARANTÍAS S.A.,G,21,TFN,EX-2024-17878207-APN-SGASAD#TFN_ACEITERA_GENERAL_DEHEZA_S.A._CL_D.G.A-01.txt
30623,,ASEGURADORA DE CRÉDITOS Y GARANTÍAS S.A.,G,21,TFN,EX-2024-18516256-APN-SGASAD#TFN_ACEITERA_GENERAL_DEHEZA_S.A._CL_D.G.A-01.txt
30623,,ASEGURADORA DE CRÉDITOS Y GARANTÍAS S.A.,G,21,TFN,EX-2024-18926143- -APN-SGASAD#TFN_SIN_CARATULA-01.txt
30623,,ASEGURADORA DE CRÉDITOS Y GARANTÍAS S.A.,G,21,TFN,EX-2024-18926143- -APN-SGASAD#TFN_SIN_CARATULA-02.txt
30623,,ASEGURADORA DE CRÉDITOS Y GARANTÍAS S.A.,G,21,TFN,EX-2024-19382756-APN-SGAI#TFN_BALANCEADOS_VILLARINO_S.R.L.-01.txt
30623,,ASEGURADORA DE CRÉDITOS Y GARANTÍAS S.A.,G,21,TFN,"EX-2024-19422816--APN-SGAI#TFN_ADAMO,_CARLOS_ALBERTO-01.txt"
30623,,ASEGURADORA DE CRÉDITOS Y GARANTÍAS S.A.,G,21,TFN,EX-2024-19432343- -APN-SGASAD#TFN_MOLINO_CAÑUELAS_SACIFIA-01.txt
30623,,ASEGURADORA DE CRÉDITOS Y GARANTÍAS S.A.,G,21,TFN,EX-2024-19753946-APN-SGAI#TFN_KEENA_GERALDINA-01.txt
30623,,ASEGURADORA DE CRÉDITOS Y GARANTÍAS S.A.,G,21,TFN,EX-2024-19870122- -APN-SGAI#TFN_ELISSONDO_ESTEBAN-01.txt
30623,,ASEGURADORA DE CRÉDITOS Y GARANTÍAS S.A.,G,21,TFN,"EX-2024-23384345- -APN-SGAI#TFN_BRACONI,_FRANCO-01.txt"
30623,,ASEGURADORA DE CRÉDITOS Y GARANTÍAS S.A.,G,21,TFN,EX-2024-23554736- -APN-SGASAD#TFN_ACEITERA_GENERAL_DEHEZA_S.A.-01.txt
30623,,ASEGURADORA DE CRÉDITOS Y GARANTÍAS S.A.,G,21,TFN,EX-2024-23970658- -APN-SGASAD#TFN_EX-2024-_23970658-APN-SGASAD#TFN_(SADESA_SA_C._DGA-01.txt
30623,,ASEGURADORA DE CRÉDITOS Y GARANTÍAS S.A.,G,21,TFN,EX-2024-23970658- -APNSGASAD#TFN_EX-2024-_23970658-APN-SGASAD#TFN_(SADESA_SA_C._DGA-01.txt
30623,,ASEGURADORA DE CRÉDITOS Y GARANTÍAS S.A.,G,21,TFN,EX-2024-24906847- -APN-SGASAD#TFN_SADESA_S.A.-01.txt
30623,,ASEGURADORA DE CRÉDITOS Y GARANTÍAS S.A.,G,21,TFN,EX-2024-24906847- -APN-SGASAD#TFN_SADESA_S.A.-02.txt
30623,,ASEGURADORA DE CRÉDITOS Y GARANTÍAS S.A.,G,21,TFN,EX-2024-24955543-APN-SGASAD#TFN_SADESA_S.A.-01.txt
30623,,ASEGURADORA DE CRÉDITOS Y GARANTÍAS S.A.,G,21,TFN,EX-2024-24955543-APN-SGASAD#TFN_SADESA_S.A.-02.txt
30623,,ASEGURADORA DE CRÉDITOS Y GARANTÍAS S.A.,G,21,TFN,EX-2024-24984785- -APN-SGASAD#TFN_SADESA_S.A.-01.txt
30623,,ASEGURADORA DE CRÉDITOS Y GARANTÍAS S.A.,G,21,TFN,EX-2024-25613473- -APN-SGASAD#TFN_EX-2024-_25613473-APN-SGASAD#TFN_(SADESA_SA_C._DGA-01.txt
30623,,ASEGURADORA DE CRÉDITOS Y GARANTÍAS S.A.,G,21,TFN,EX-2024-25613473-APN-SGASAD#TFN_EX-2024-_25613473-APN-SGASAD#TFN_(SADESA_SA_C._DGA-01.txt
30623,,ASEGURADORA DE CRÉDITOS Y GARANTÍAS S.A.,G,21,TFN,EX-2024-30031684-APNSGAI#TFN_VERIFONE_ARGENTINA_S.A.-01.txt
30623,,ASEGURADORA DE CRÉDITOS Y GARANTÍAS S.A.,G,21,TFN,EX-2024-30962951- -APN-SGAI#TFN_INDUSTRIAS_JOHN_DEERE_ARGENTINA_S.A.-01.txt
30623,,ASEGURADORA DE CRÉDITOS Y GARANTÍAS S.A.,G,21,TFN,EX-2024-31259944-APN-VOCII#TFN_ASOCIACION_BIOQUIMICA_DE_SALTA-01.txt
30623,,ASEGURADORA DE CRÉDITOS Y GARANTÍAS S.A.,G,21,TFN,EX-2024-31305709- -APN-SGASAD#TFN_ARAUCO_ARGENTINA_S.A.-01.txt
30623,,ASEGURADORA DE CRÉDITOS Y GARANTÍAS S.A.,G,21,TFN,EX-2024-31305709- -APN-SGASAD#TFN_ARAUCO_ARGENTINA_S.A.-02.txt
30623,,ASEGURADORA DE CRÉDITOS Y GARANTÍAS S.A.,G,21,TFN,EX-2024-31844881- -APN-SGASAD#TFN_ARAUCO_ARGENTINA_S.A.-01.txt
30623,,ASEGURADORA DE CRÉDITOS Y GARANTÍAS S.A.,G,21,TFN,EX-2024-34586903- -APN-SGASAD#TFN_ARAUCO_ARGENTINA_S.A.-01.txt
30623,,ASEGURADORA DE CRÉDITOS Y GARANTÍAS S.A.,G,21,TFN,EX-2024-34586903- APN-SGASAD#TFN_ARAUCO_ARGENTINA_S.A.-01.txt
30623,,ASEGURADORA DE CRÉDITOS Y GARANTÍAS S.A.,G,21,TFN,EX-2024-36927500- -APN-SGASAD#TFN_EX-2024-36927500-APN-SGASAD#TFN_(SADESA_SA_C._DGA-01.txt
30623,,ASEGURADORA DE CRÉDITOS Y GARANTÍAS S.A.,G,21,TFN,EX-2024-36927500-APN-SGASAD#TFN_EX-2024-36927500-APN-SGASAD#TFN_(SADESA_SA_C._DGA-01.txt
30623,,ASEGURADORA DE CRÉDITOS Y GARANTÍAS S.A.,G,21,TFN,EX-2024-38479369- -APN-SGASAD#TFN_DELGADO_SEBASTIAN_ALEJANDRO_Y_OTRO-01.txt
30623,,ASEGURADORA DE CRÉDITOS Y GARANTÍAS S.A.,G,21,TFN,EX-2024-38479369-APN-SGASAD#TFN_DELGADO_SEBASTIAN_ALEJANDRO_Y_OTRO-01.txt
30623,,ASEGURADORA DE CRÉDITOS Y GARANTÍAS S.A.,G,21,TFN,EX-2024-38564986- -APN-SGASAD#TFN_ACEITERA_GENERAL_DEHEZA_S.A.-01.txt
30623,,ASEGURADORA DE CRÉDITOS Y GARANTÍAS S.A.,G,21,TFN,EX-2024-40977770- -APN-SGASAD#TFN_ARAUCO_ARGENTINA_SA-01.txt
30623,,ASEGURADORA DE CRÉDITOS Y GARANTÍAS S.A.,G,21,TFN,EX-2024-44271991- -APN-SGAI#TFN_CURTIEMBRE_ARLEI_S.A.-01.txt
30623,,ASEGURADORA DE CRÉDITOS Y GARANTÍAS S.A.,G,21,TFN,EX-2024-44354582- -APN-SGAI#TFN_CURTIEMBRE_ARLEI_S.A.-01.txt
30623,,ASEGURADORA DE CRÉDITOS Y GARANTÍAS S.A.,G,21,TFN,EX-2024-46463980- -APNSGASAD#TFN_ARAUCO_ARGENTINA_S.A.-01.txt
30623,,ASEGURADORA DE CRÉDITOS Y GARANTÍAS S.A.,G,21,TFN,EX-2024-46463980-APN-SGASAD#TFN_ARAUCO_ARGENTINA_S.A.-01.txt
30623,,ASEGURADORA DE CRÉDITOS Y GARANTÍAS S.A.,G,21,TFN,EX-2024-50928422-APN-SGASAD#TFN_SADESA_S.A.-01.txt
30623,,ASEGURADORA DE CRÉDITOS Y GARANTÍAS S.A.,G,21,TFN,EX-2024-53297646- -APN-SGASAD#TFN_SIN_CARATULA-01.txt
30623,,ASEGURADORA DE CRÉDITOS Y GARANTÍAS S.A.,G,21,TFN,EX-2024-53297646- -APNSGASAD#TFN_SIN_CARATULA-01.txt
30623,,ASEGURADORA DE CRÉDITOS Y GARANTÍAS S.A.,G,21,TFN,"EX-2024-53714424- -APN-SGAI#TFN_BALDINO,_ANTONIO_NICOLÁS-01.txt"
30623,,ASEGURADORA DE CRÉDITOS Y GARANTÍAS S.A.,G,21,TFN,EX-2024-55112938- -APN-SGASAD#TFN_SADESA_SOCIEDAD_ANONIMA-01.txt
30623,,ASEGURADORA DE CRÉDITOS Y GARANTÍAS S.A.,G,21,TFN,EX-2024-55112938- -APNSGASAD#TFN_SADESA_SOCIEDAD_ANONIMA-01.txt
30623,,ASEGURADORA DE CRÉDITOS Y GARANTÍAS S.A.,G,21,TFN,"EX-2024-58556650- -APN-SGAI#TFN_ZUBIETA_LEAL,_SUSANA_SARA-01.txt"
30623,,ASEGURADORA DE CRÉDITOS Y GARANTÍAS S.A.,G,21,TFN,EX-2024-64050317- -APN-SGAI#TFN_JP_MORGAN_CHASE_BANK_NATIONAL_ASSOCIATION_SUCURSAL_BUENOS_AI-01.txt
30623,,ASEGURADORA DE CRÉDITOS Y GARANTÍAS S.A.,G,21,TFN,EX-2024-64068739- -APN-SGAI#TFN_RINCI_DANIEL_FERNANDO-01.txt
30623,,ASEGURADORA DE CRÉDITOS Y GARANTÍAS S.A.,G,21,TFN,EX-2024-66251858- -APN-SGASAD#TFN_SADESA_S.A.-01.txt
30623,,ASEGURADORA DE CRÉDITOS Y GARANTÍAS S.A.,G,21,TFN,EX-2024-66299571- -APN-SGAI#TFN_MERCADOLIBRE_S.R.L-01.txt
30623,,ASEGURADORA DE CRÉDITOS Y GARANTÍAS S.A.,G,21,TFN,EX-2024-66299571- -APN-SGAI#TFN_MERCADO_LIBRE_S.R.L-02.txt
30623,,ASEGURADORA DE CRÉDITOS Y GARANTÍAS S.A.,G,21,TFN,EX-2024-72333342- -APN-SGAI#TFN_CARGILL_S.A.C.I.-01.txt
30623,,ASEGURADORA DE CRÉDITOS Y GARANTÍAS S.A.,G,21,TFN,EX-2024-82353945- -APN-SGASAD#TFN_SIN_CARATULA-01.txt
30623,,ASEGURADORA DE CRÉDITOS Y GARANTÍAS S.A.,G,21,TFN,EX-2024-82353945--APN-SGASAD#TFN_SIN_CARATULA-01.txt
30623,,ASEGURADORA DE CRÉDITOS Y GARANTÍAS S.A.,G,21,TFN,EX-2024-91187674- -APN-SGASAD#TFN_SADESA_SA-01.txt
30623,,ASEGURADORA DE CRÉDITOS Y GARANTÍAS S.A.,G,21,TFN,EX-2024-94375141--APN-SGASAD#TFN_SIN_CARATULA-01.txt
30623,,ASEGURADORA DE CRÉDITOS Y GARANTÍAS S.A.,G,21,TFN,EX-2024-94375141--APN-SGASAD#TFN_SIN_CARATULA-02.txt
30623,,ASEGURADORA DE CRÉDITOS Y GARANTÍAS S.A.,G,21,TFN,EX-2024-94389754- -APN-SGASAD#TFN_BRIDGESTONE_ARGENTINA_SOCIEDAD_ANONIMA_INDUSTRIAL_Y_COMERCIA-01.txt
30623,,ASEGURADORA DE CRÉDITOS Y GARANTÍAS S.A.,G,21,TFN,EX-2024-94389754- -APN-SGASAD#TFN_BRIDGESTONE_ARGENTINA_SOCIEDAD_ANONIMA_INDUSTRIAL_Y_COMERCIA-02.txt
30623,,ASEGURADORA DE CRÉDITOS Y GARANTÍAS S.A.,G,21,TFN,EX-2024-96382489- -APN-SGASAD#TFN_DONTO_SOCIEDAD_ANONIMA-01.txt
30623,,ASEGURADORA DE CRÉDITOS Y GARANTÍAS S.A.,G,21,TFN,EX-2024-96382489-APN-SGASAD#TFN_DONTO_S.A.-02.txt
30623,,ASEGURADORA DE CRÉDITOS Y GARANTÍAS S.A.,G,21,TFN,EX-2024-97993837- -APN-SGASAD#TFN_VOLKSWAGEN_ARGENTINA_S.A.-02.txt
30623,,ASEGURADORA DE CRÉDITOS Y GARANTÍAS S.A.,G,21,TFN,EX-2024-97993837- -APN-SGASAD#TFN_VOLKSWAGEN_ARGENTINA_SA-01.txt
30623,,ASEGURADORA DE CRÉDITOS Y GARANTÍAS S.A.,G,21,TFN,EX-2024-98010301-APN-SGASAD#TFN_VOLKSWAGEN_ARGENTINA_S.A.-01.txt
